new,current
"{'hash_id': '4d390de27b0053562655c003155f73b58a1628618dfcd934d9bb68f4', 'postal_code': 'CA', 'company': 'Yellow Corporation', 'location': '', 'notice_date': '2023-08-01', 'effective_date': '2023-07-30', 'jobs': '48', 'is_temporary': '', 'is_closure': 'True', 'is_amendment': 'False'}","{'hash_id': 'b6498d8b83d084136c95fe071a5e235c222582081ea0e3fc3f1fad57', 'first_inserted_date': datetime.datetime(2023, 8, 22, 18, 11, 33, 888428, tzinfo=datetime.timezone.utc), 'notice_date': '2023-08-01', 'effective_date': '2023-07-30', 'postal_code': 'CA', 'company': 'Yellow Corporation', 'location': '', 'jobs': '120', 'is_closure': 'True', 'is_temporary': '', 'is_superseded': 'False', 'is_amendment': 'True', 'likely_ancestor': '8003023a54e869150e73b0209832ba52767e2952110971e02fb778a9', 'estimated_amendments': 11, 'last_updated_date': datetime.datetime(2024, 7, 11, 23, 32, 4, 245702, tzinfo=datetime.timezone.utc)}"
"{'hash_id': '2879847227d1dd1ee2fa882f628c6477054ab6fbd15862d5c4eaef5a', 'postal_code': 'CA', 'company': 'Yellow Corporation', 'location': '', 'notice_date': '2023-08-01', 'effective_date': '2023-07-30', 'jobs': '2', 'is_temporary': '', 'is_closure': 'True', 'is_amendment': 'False'}","{'hash_id': 'b6498d8b83d084136c95fe071a5e235c222582081ea0e3fc3f1fad57', 'first_inserted_date': datetime.datetime(2023, 8, 22, 18, 11, 33, 888428, tzinfo=datetime.timezone.utc), 'notice_date': '2023-08-01', 'effective_date': '2023-07-30', 'postal_code': 'CA', 'company': 'Yellow Corporation', 'location': '', 'jobs': '120', 'is_closure': 'True', 'is_temporary': '', 'is_superseded': 'False', 'is_amendment': 'True', 'likely_ancestor': '8003023a54e869150e73b0209832ba52767e2952110971e02fb778a9', 'estimated_amendments': 11, 'last_updated_date': datetime.datetime(2024, 7, 11, 23, 32, 4, 245702, tzinfo=datetime.timezone.utc)}"
"{'hash_id': 'f27979f658d446b66c9967ca544006ed8179e079d345366b14631a86', 'postal_code': 'CA', 'company': 'Yellow Corporation', 'location': '', 'notice_date': '2023-08-01', 'effective_date': '2023-07-30', 'jobs': '30', 'is_temporary': '', 'is_closure': 'True', 'is_amendment': 'False'}","{'hash_id': 'b6498d8b83d084136c95fe071a5e235c222582081ea0e3fc3f1fad57', 'first_inserted_date': datetime.datetime(2023, 8, 22, 18, 11, 33, 888428, tzinfo=datetime.timezone.utc), 'notice_date': '2023-08-01', 'effective_date': '2023-07-30', 'postal_code': 'CA', 'company': 'Yellow Corporation', 'location': '', 'jobs': '120', 'is_closure': 'True', 'is_temporary': '', 'is_superseded': 'False', 'is_amendment': 'True', 'likely_ancestor': '8003023a54e869150e73b0209832ba52767e2952110971e02fb778a9', 'estimated_amendments': 11, 'last_updated_date': datetime.datetime(2024, 7, 11, 23, 32, 4, 245702, tzinfo=datetime.timezone.utc)}"
"{'hash_id': '247219a0cec3b5dc2a3eacf4a47273915d8d6700e3421a3913c658c0', 'postal_code': 'CA', 'company': 'Yellow Corporation', 'location': '', 'notice_date': '2023-08-01', 'effective_date': '2023-07-30', 'jobs': '39', 'is_temporary': '', 'is_closure': 'True', 'is_amendment': 'False'}","{'hash_id': 'b6498d8b83d084136c95fe071a5e235c222582081ea0e3fc3f1fad57', 'first_inserted_date': datetime.datetime(2023, 8, 22, 18, 11, 33, 888428, tzinfo=datetime.timezone.utc), 'notice_date': '2023-08-01', 'effective_date': '2023-07-30', 'postal_code': 'CA', 'company': 'Yellow Corporation', 'location': '', 'jobs': '120', 'is_closure': 'True', 'is_temporary': '', 'is_superseded': 'False', 'is_amendment': 'True', 'likely_ancestor': '8003023a54e869150e73b0209832ba52767e2952110971e02fb778a9', 'estimated_amendments': 11, 'last_updated_date': datetime.datetime(2024, 7, 11, 23, 32, 4, 245702, tzinfo=datetime.timezone.utc)}"
"{'hash_id': 'c3179922f7a69029e88fe921176d5f2cca3b4493d4c9365a7e04d99b', 'postal_code': 'CA', 'company': 'Yellow Corporation', 'location': '', 'notice_date': '2023-08-01', 'effective_date': '2023-07-30', 'jobs': '60', 'is_temporary': '', 'is_closure': 'True', 'is_amendment': 'False'}","{'hash_id': 'b6498d8b83d084136c95fe071a5e235c222582081ea0e3fc3f1fad57', 'first_inserted_date': datetime.datetime(2023, 8, 22, 18, 11, 33, 888428, tzinfo=datetime.timezone.utc), 'notice_date': '2023-08-01', 'effective_date': '2023-07-30', 'postal_code': 'CA', 'company': 'Yellow Corporation', 'location': '', 'jobs': '120', 'is_closure': 'True', 'is_temporary': '', 'is_superseded': 'False', 'is_amendment': 'True', 'likely_ancestor': '8003023a54e869150e73b0209832ba52767e2952110971e02fb778a9', 'estimated_amendments': 11, 'last_updated_date': datetime.datetime(2024, 7, 11, 23, 32, 4, 245702, tzinfo=datetime.timezone.utc)}"
"{'hash_id': '8c418a81f5eafe2de737c6ae2878cb225fbcc26a5ba511bd17b4cf87', 'postal_code': 'CA', 'company': 'Yellow Corporation', 'location': '', 'notice_date': '2023-08-01', 'effective_date': '2023-07-30', 'jobs': '15', 'is_temporary': '', 'is_closure': 'True', 'is_amendment': 'False'}","{'hash_id': 'b6498d8b83d084136c95fe071a5e235c222582081ea0e3fc3f1fad57', 'first_inserted_date': datetime.datetime(2023, 8, 22, 18, 11, 33, 888428, tzinfo=datetime.timezone.utc), 'notice_date': '2023-08-01', 'effective_date': '2023-07-30', 'postal_code': 'CA', 'company': 'Yellow Corporation', 'location': '', 'jobs': '120', 'is_closure': 'True', 'is_temporary': '', 'is_superseded': 'False', 'is_amendment': 'True', 'likely_ancestor': '8003023a54e869150e73b0209832ba52767e2952110971e02fb778a9', 'estimated_amendments': 11, 'last_updated_date': datetime.datetime(2024, 7, 11, 23, 32, 4, 245702, tzinfo=datetime.timezone.utc)}"
"{'hash_id': '241769da27a889e15d79ed32efbee44c045f21fbcc8e9c67e4a3be8e', 'postal_code': 'CA', 'company': 'Yellow Corporation', 'location': '', 'notice_date': '2023-08-01', 'effective_date': '2023-07-30', 'jobs': '709', 'is_temporary': '', 'is_closure': 'True', 'is_amendment': 'False'}","{'hash_id': 'b6498d8b83d084136c95fe071a5e235c222582081ea0e3fc3f1fad57', 'first_inserted_date': datetime.datetime(2023, 8, 22, 18, 11, 33, 888428, tzinfo=datetime.timezone.utc), 'notice_date': '2023-08-01', 'effective_date': '2023-07-30', 'postal_code': 'CA', 'company': 'Yellow Corporation', 'location': '', 'jobs': '120', 'is_closure': 'True', 'is_temporary': '', 'is_superseded': 'False', 'is_amendment': 'True', 'likely_ancestor': '8003023a54e869150e73b0209832ba52767e2952110971e02fb778a9', 'estimated_amendments': 11, 'last_updated_date': datetime.datetime(2024, 7, 11, 23, 32, 4, 245702, tzinfo=datetime.timezone.utc)}"
"{'hash_id': '0fab57ea013e2edc038ce64e18fa07a2aea31ca99f359a26281c3111', 'postal_code': 'CA', 'company': 'Yellow Corporation', 'location': '', 'notice_date': '2023-08-01', 'effective_date': '2023-07-30', 'jobs': '240', 'is_temporary': '', 'is_closure': 'True', 'is_amendment': 'False'}","{'hash_id': 'b6498d8b83d084136c95fe071a5e235c222582081ea0e3fc3f1fad57', 'first_inserted_date': datetime.datetime(2023, 8, 22, 18, 11, 33, 888428, tzinfo=datetime.timezone.utc), 'notice_date': '2023-08-01', 'effective_date': '2023-07-30', 'postal_code': 'CA', 'company': 'Yellow Corporation', 'location': '', 'jobs': '120', 'is_closure': 'True', 'is_temporary': '', 'is_superseded': 'False', 'is_amendment': 'True', 'likely_ancestor': '8003023a54e869150e73b0209832ba52767e2952110971e02fb778a9', 'estimated_amendments': 11, 'last_updated_date': datetime.datetime(2024, 7, 11, 23, 32, 4, 245702, tzinfo=datetime.timezone.utc)}"
"{'hash_id': '2d72cc7400fe0466a3cbfe953b9813811b05db23bd2992bb56c2dda7', 'postal_code': 'CA', 'company': 'Yellow Corporation', 'location': '', 'notice_date': '2023-08-01', 'effective_date': '2023-07-30', 'jobs': '11', 'is_temporary': '', 'is_closure': 'True', 'is_amendment': 'False'}","{'hash_id': 'b6498d8b83d084136c95fe071a5e235c222582081ea0e3fc3f1fad57', 'first_inserted_date': datetime.datetime(2023, 8, 22, 18, 11, 33, 888428, tzinfo=datetime.timezone.utc), 'notice_date': '2023-08-01', 'effective_date': '2023-07-30', 'postal_code': 'CA', 'company': 'Yellow Corporation', 'location': '', 'jobs': '120', 'is_closure': 'True', 'is_temporary': '', 'is_superseded': 'False', 'is_amendment': 'True', 'likely_ancestor': '8003023a54e869150e73b0209832ba52767e2952110971e02fb778a9', 'estimated_amendments': 11, 'last_updated_date': datetime.datetime(2024, 7, 11, 23, 32, 4, 245702, tzinfo=datetime.timezone.utc)}"
"{'hash_id': 'facf0f211bb5de91fdac57289316af2ed22d2482e4d26ffa7eeb7c91', 'postal_code': 'CA', 'company': 'Yellow Corporation', 'location': '', 'notice_date': '2023-08-01', 'effective_date': '2023-07-30', 'jobs': '145', 'is_temporary': '', 'is_closure': 'True', 'is_amendment': 'False'}","{'hash_id': 'b6498d8b83d084136c95fe071a5e235c222582081ea0e3fc3f1fad57', 'first_inserted_date': datetime.datetime(2023, 8, 22, 18, 11, 33, 888428, tzinfo=datetime.timezone.utc), 'notice_date': '2023-08-01', 'effective_date': '2023-07-30', 'postal_code': 'CA', 'company': 'Yellow Corporation', 'location': '', 'jobs': '120', 'is_closure': 'True', 'is_temporary': '', 'is_superseded': 'False', 'is_amendment': 'True', 'likely_ancestor': '8003023a54e869150e73b0209832ba52767e2952110971e02fb778a9', 'estimated_amendments': 11, 'last_updated_date': datetime.datetime(2024, 7, 11, 23, 32, 4, 245702, tzinfo=datetime.timezone.utc)}"
"{'hash_id': 'c83d1a4c8f3d013eb03efb540bd9fd8e471abe2a1815cfd85214ec1b', 'postal_code': 'CA', 'company': 'Yellow Corporation', 'location': '', 'notice_date': '2023-08-01', 'effective_date': '2023-07-30', 'jobs': '58', 'is_temporary': '', 'is_closure': 'True', 'is_amendment': 'False'}","{'hash_id': 'b6498d8b83d084136c95fe071a5e235c222582081ea0e3fc3f1fad57', 'first_inserted_date': datetime.datetime(2023, 8, 22, 18, 11, 33, 888428, tzinfo=datetime.timezone.utc), 'notice_date': '2023-08-01', 'effective_date': '2023-07-30', 'postal_code': 'CA', 'company': 'Yellow Corporation', 'location': '', 'jobs': '120', 'is_closure': 'True', 'is_temporary': '', 'is_superseded': 'False', 'is_amendment': 'True', 'likely_ancestor': '8003023a54e869150e73b0209832ba52767e2952110971e02fb778a9', 'estimated_amendments': 11, 'last_updated_date': datetime.datetime(2024, 7, 11, 23, 32, 4, 245702, tzinfo=datetime.timezone.utc)}"
"{'hash_id': '34a6c8701eca800dd0346ac7237abb2fc417814dd7b05c48d9e1db63', 'postal_code': 'CA', 'company': 'Yellow Corporation', 'location': '', 'notice_date': '2023-08-01', 'effective_date': '2023-07-30', 'jobs': '43', 'is_temporary': '', 'is_closure': 'True', 'is_amendment': 'False'}","{'hash_id': 'b6498d8b83d084136c95fe071a5e235c222582081ea0e3fc3f1fad57', 'first_inserted_date': datetime.datetime(2023, 8, 22, 18, 11, 33, 888428, tzinfo=datetime.timezone.utc), 'notice_date': '2023-08-01', 'effective_date': '2023-07-30', 'postal_code': 'CA', 'company': 'Yellow Corporation', 'location': '', 'jobs': '120', 'is_closure': 'True', 'is_temporary': '', 'is_superseded': 'False', 'is_amendment': 'True', 'likely_ancestor': '8003023a54e869150e73b0209832ba52767e2952110971e02fb778a9', 'estimated_amendments': 11, 'last_updated_date': datetime.datetime(2024, 7, 11, 23, 32, 4, 245702, tzinfo=datetime.timezone.utc)}"
"{'hash_id': 'e8685a99612ef13280c4a64a38cf872aaa0fa4c45aceac919e0d9f24', 'postal_code': 'CA', 'company': 'Yellow Corporation', 'location': '', 'notice_date': '2023-08-01', 'effective_date': '2023-07-30', 'jobs': '257', 'is_temporary': '', 'is_closure': 'True', 'is_amendment': 'False'}","{'hash_id': 'b6498d8b83d084136c95fe071a5e235c222582081ea0e3fc3f1fad57', 'first_inserted_date': datetime.datetime(2023, 8, 22, 18, 11, 33, 888428, tzinfo=datetime.timezone.utc), 'notice_date': '2023-08-01', 'effective_date': '2023-07-30', 'postal_code': 'CA', 'company': 'Yellow Corporation', 'location': '', 'jobs': '120', 'is_closure': 'True', 'is_temporary': '', 'is_superseded': 'False', 'is_amendment': 'True', 'likely_ancestor': '8003023a54e869150e73b0209832ba52767e2952110971e02fb778a9', 'estimated_amendments': 11, 'last_updated_date': datetime.datetime(2024, 7, 11, 23, 32, 4, 245702, tzinfo=datetime.timezone.utc)}"
"{'hash_id': '311c7a787a2cf81280e76e2956b0721d247590ca8d36bb3804765ff5', 'postal_code': 'CA', 'company': 'Yellow Corporation', 'location': '', 'notice_date': '2023-08-01', 'effective_date': '2023-07-30', 'jobs': '1', 'is_temporary': '', 'is_closure': 'True', 'is_amendment': 'False'}","{'hash_id': 'b6498d8b83d084136c95fe071a5e235c222582081ea0e3fc3f1fad57', 'first_inserted_date': datetime.datetime(2023, 8, 22, 18, 11, 33, 888428, tzinfo=datetime.timezone.utc), 'notice_date': '2023-08-01', 'effective_date': '2023-07-30', 'postal_code': 'CA', 'company': 'Yellow Corporation', 'location': '', 'jobs': '120', 'is_closure': 'True', 'is_temporary': '', 'is_superseded': 'False', 'is_amendment': 'True', 'likely_ancestor': '8003023a54e869150e73b0209832ba52767e2952110971e02fb778a9', 'estimated_amendments': 11, 'last_updated_date': datetime.datetime(2024, 7, 11, 23, 32, 4, 245702, tzinfo=datetime.timezone.utc)}"
"{'hash_id': 'd13e8728d0c0318bb7e9f5938ffe078c1896ce6bf1ab9db54c675987', 'postal_code': 'CA', 'company': 'Carbon Health', 'location': '', 'notice_date': '2023-08-10', 'effective_date': '2023-10-09', 'jobs': '1', 'is_temporary': '', 'is_closure': '', 'is_amendment': 'False'}","{'hash_id': '23191bfdc18719cea9634179b1af2c2f9d9cb4c01215dc8d855ab71d', 'first_inserted_date': datetime.datetime(2023, 1, 12, 18, 14, 1, 555301, tzinfo=datetime.timezone.utc), 'notice_date': '2023-08-10', 'effective_date': '2023-10-09', 'postal_code': 'CA', 'company': 'Carbon Health', 'location': '', 'jobs': '5', 'is_closure': '', 'is_temporary': '', 'is_superseded': 'False', 'is_amendment': 'True', 'likely_ancestor': 'c978099a4e57c667efbad382fa5f303bbd9af00879c9f68779935012', 'estimated_amendments': 13, 'last_updated_date': datetime.datetime(2024, 7, 11, 23, 32, 4, 245702, tzinfo=datetime.timezone.utc)}"
"{'hash_id': 'd2403bad56f1a0f6066c744a36c40f472fc48c0f9361e88b3a7d7b3f', 'postal_code': 'CA', 'company': 'Centerra Group, LLC', 'location': '', 'notice_date': '2023-08-10', 'effective_date': '2023-09-30', 'jobs': '6', 'is_temporary': '', 'is_closure': '', 'is_amendment': 'False'}","{'hash_id': 'a82ace7e18dbeb24794c303ec8a5b9ea2c061946a41685a688cc4026', 'first_inserted_date': datetime.datetime(2024, 4, 18, 19, 34, 4, 189236, tzinfo=datetime.timezone.utc), 'notice_date': '2023-08-10', 'effective_date': '2023-09-30', 'postal_code': 'CA', 'company': 'Centerra Group, LLC', 'location': '', 'jobs': '61', 'is_closure': '', 'is_temporary': '', 'is_superseded': 'False', 'is_amendment': 'True', 'likely_ancestor': '817a952339ec43dbac4665f51001124e843e99f85a7252f7cfa03b31', 'estimated_amendments': 11, 'last_updated_date': datetime.datetime(2024, 7, 11, 23, 32, 4, 245702, tzinfo=datetime.timezone.utc)}"
"{'hash_id': '3f2422879d0be45202b4678b5272b4c670935e227a80d0e3ac68cd90', 'postal_code': 'CA', 'company': 'Centerra Group, LLC', 'location': '', 'notice_date': '2023-08-10', 'effective_date': '2023-09-30', 'jobs': '71', 'is_temporary': '', 'is_closure': '', 'is_amendment': 'False'}","{'hash_id': 'a82ace7e18dbeb24794c303ec8a5b9ea2c061946a41685a688cc4026', 'first_inserted_date': datetime.datetime(2024, 4, 18, 19, 34, 4, 189236, tzinfo=datetime.timezone.utc), 'notice_date': '2023-08-10', 'effective_date': '2023-09-30', 'postal_code': 'CA', 'company': 'Centerra Group, LLC', 'location': '', 'jobs': '61', 'is_closure': '', 'is_temporary': '', 'is_superseded': 'False', 'is_amendment': 'True', 'likely_ancestor': '817a952339ec43dbac4665f51001124e843e99f85a7252f7cfa03b31', 'estimated_amendments': 11, 'last_updated_date': datetime.datetime(2024, 7, 11, 23, 32, 4, 245702, tzinfo=datetime.timezone.utc)}"
"{'hash_id': '75e235f684b0b3291b348c97081d9ba884abb166c68f5e76b1db3e40', 'postal_code': 'CA', 'company': 'Centerra Group, LLC', 'location': '', 'notice_date': '2023-08-10', 'effective_date': '2023-09-30', 'jobs': '1', 'is_temporary': '', 'is_closure': '', 'is_amendment': 'False'}","{'hash_id': 'a82ace7e18dbeb24794c303ec8a5b9ea2c061946a41685a688cc4026', 'first_inserted_date': datetime.datetime(2024, 4, 18, 19, 34, 4, 189236, tzinfo=datetime.timezone.utc), 'notice_date': '2023-08-10', 'effective_date': '2023-09-30', 'postal_code': 'CA', 'company': 'Centerra Group, LLC', 'location': '', 'jobs': '61', 'is_closure': '', 'is_temporary': '', 'is_superseded': 'False', 'is_amendment': 'True', 'likely_ancestor': '817a952339ec43dbac4665f51001124e843e99f85a7252f7cfa03b31', 'estimated_amendments': 11, 'last_updated_date': datetime.datetime(2024, 7, 11, 23, 32, 4, 245702, tzinfo=datetime.timezone.utc)}"
"{'hash_id': '2acc3f77db06714eb95b33cae3ddbaebfdfa6219d9a23cc0fef0e5fb', 'postal_code': 'CA', 'company': 'Centerra Group, LLC', 'location': '', 'notice_date': '2023-08-10', 'effective_date': '2023-09-30', 'jobs': '21', 'is_temporary': '', 'is_closure': '', 'is_amendment': 'False'}","{'hash_id': 'a82ace7e18dbeb24794c303ec8a5b9ea2c061946a41685a688cc4026', 'first_inserted_date': datetime.datetime(2024, 4, 18, 19, 34, 4, 189236, tzinfo=datetime.timezone.utc), 'notice_date': '2023-08-10', 'effective_date': '2023-09-30', 'postal_code': 'CA', 'company': 'Centerra Group, LLC', 'location': '', 'jobs': '61', 'is_closure': '', 'is_temporary': '', 'is_superseded': 'False', 'is_amendment': 'True', 'likely_ancestor': '817a952339ec43dbac4665f51001124e843e99f85a7252f7cfa03b31', 'estimated_amendments': 11, 'last_updated_date': datetime.datetime(2024, 7, 11, 23, 32, 4, 245702, tzinfo=datetime.timezone.utc)}"
"{'hash_id': '40206af0c6ef353305873307029a50213a9618bd82c3f76020a7739c', 'postal_code': 'CA', 'company': 'Centerra Group, LLC', 'location': '', 'notice_date': '2023-08-10', 'effective_date': '2023-09-30', 'jobs': '67', 'is_temporary': '', 'is_closure': '', 'is_amendment': 'False'}","{'hash_id': 'a82ace7e18dbeb24794c303ec8a5b9ea2c061946a41685a688cc4026', 'first_inserted_date': datetime.datetime(2024, 4, 18, 19, 34, 4, 189236, tzinfo=datetime.timezone.utc), 'notice_date': '2023-08-10', 'effective_date': '2023-09-30', 'postal_code': 'CA', 'company': 'Centerra Group, LLC', 'location': '', 'jobs': '61', 'is_closure': '', 'is_temporary': '', 'is_superseded': 'False', 'is_amendment': 'True', 'likely_ancestor': '817a952339ec43dbac4665f51001124e843e99f85a7252f7cfa03b31', 'estimated_amendments': 11, 'last_updated_date': datetime.datetime(2024, 7, 11, 23, 32, 4, 245702, tzinfo=datetime.timezone.utc)}"
"{'hash_id': '13d3fb214d23e3a55d714cc184a393c31e8f242b3317494b9e389702', 'postal_code': 'CA', 'company': 'Centerra Group, LLC', 'location': '', 'notice_date': '2023-08-10', 'effective_date': '2023-09-30', 'jobs': '3', 'is_temporary': '', 'is_closure': '', 'is_amendment': 'False'}","{'hash_id': 'a82ace7e18dbeb24794c303ec8a5b9ea2c061946a41685a688cc4026', 'first_inserted_date': datetime.datetime(2024, 4, 18, 19, 34, 4, 189236, tzinfo=datetime.timezone.utc), 'notice_date': '2023-08-10', 'effective_date': '2023-09-30', 'postal_code': 'CA', 'company': 'Centerra Group, LLC', 'location': '', 'jobs': '61', 'is_closure': '', 'is_temporary': '', 'is_superseded': 'False', 'is_amendment': 'True', 'likely_ancestor': '817a952339ec43dbac4665f51001124e843e99f85a7252f7cfa03b31', 'estimated_amendments': 11, 'last_updated_date': datetime.datetime(2024, 7, 11, 23, 32, 4, 245702, tzinfo=datetime.timezone.utc)}"
"{'hash_id': '130a5d105a7a977343255cd8d25c42638b7b1c17be6a6209cb0b53bd', 'postal_code': 'CA', 'company': 'Hyperloop One', 'location': '', 'notice_date': '2023-11-02', 'effective_date': '2023-12-15', 'jobs': '1', 'is_temporary': '', 'is_closure': '', 'is_amendment': 'False'}","{'hash_id': '54fd9d9078ffadbebcf2a133a0d601dcf96f22bedb8e06db98fd43dc', 'first_inserted_date': datetime.datetime(2023, 12, 20, 15, 12, 49, 881075, tzinfo=datetime.timezone.utc), 'notice_date': '2023-11-02', 'effective_date': '2023-12-16', 'postal_code': 'CA', 'company': 'Hyperloop One', 'location': '', 'jobs': '1', 'is_closure': '', 'is_temporary': '', 'is_superseded': 'False', 'is_amendment': 'True', 'likely_ancestor': '33fa8c3cc4b29dcfb237adbe9527e497e878ee7833d3d54e9475c78b', 'estimated_amendments': 11, 'last_updated_date': datetime.datetime(2024, 7, 11, 23, 32, 4, 245702, tzinfo=datetime.timezone.utc)}"
"{'hash_id': 'f26da5bbcfbbb773a4b7057943a8c28e5ce7e000654244f009190d95', 'postal_code': 'CA', 'company': 'Boardriders Wholesale, LLC', 'location': '', 'notice_date': '2023-12-06', 'effective_date': '2024-02-04', 'jobs': '139', 'is_temporary': '', 'is_closure': '', 'is_amendment': 'False'}","{'hash_id': 'ff520ae77272a014e2522bacaaaf90837766a98f59ddf2084389dfba', 'first_inserted_date': datetime.datetime(2024, 2, 9, 15, 14, 56, 57897, tzinfo=datetime.timezone.utc), 'notice_date': '2024-02-01', 'effective_date': '2024-02-16', 'postal_code': 'CA', 'company': 'Boardriders Wholesale, LLC', 'location': '', 'jobs': '6', 'is_closure': '', 'is_temporary': '', 'is_superseded': 'False', 'is_amendment': 'True', 'likely_ancestor': 'c8d0d4122910c558fac077782969f78a1ec45bd7258ea4dd01f92488', 'estimated_amendments': 16, 'last_updated_date': datetime.datetime(2024, 7, 11, 23, 32, 4, 245702, tzinfo=datetime.timezone.utc)}"
"{'hash_id': '0c4d6021cf7f175e53407f4147684f8fa3216fcb6bddcef7b638d22c', 'postal_code': 'CA', 'company': 'Southern PacPizza dba Pizza Hut - 029197', 'location': '', 'notice_date': '2023-12-14', 'effective_date': '2024-02-16', 'jobs': '5', 'is_temporary': '', 'is_closure': '', 'is_amendment': 'False'}","{'hash_id': 'eb9e0d2109bcc5f778f8fe82b21f3ab2f4524753b9885659023cd9d6', 'first_inserted_date': datetime.datetime(2024, 1, 26, 0, 42, 30, 533820, tzinfo=datetime.timezone.utc), 'notice_date': '2023-12-14', 'effective_date': '2024-02-19', 'postal_code': 'CA', 'company': 'Southern PacPizza dba Pizza Hut - 029211', 'location': '', 'jobs': '7', 'is_closure': '', 'is_temporary': '', 'is_superseded': 'False', 'is_amendment': 'True', 'likely_ancestor': 'be5b7daac9609ae78760abb0c8ae7d869a0816a78d63bfaab9d6a692', 'estimated_amendments': 11, 'last_updated_date': datetime.datetime(2024, 7, 11, 23, 32, 4, 245702, tzinfo=datetime.timezone.utc)}"
"{'hash_id': '5512e41c7a57c96fcedc062dd585337c091d33b91cf62bb76b7a4e1c', 'postal_code': 'CA', 'company': 'Southern PacPizza dba Pizza Hut - 029212', 'location': '', 'notice_date': '2023-12-14', 'effective_date': '2024-02-12', 'jobs': '2', 'is_temporary': '', 'is_closure': '', 'is_amendment': 'False'}","{'hash_id': 'eb9e0d2109bcc5f778f8fe82b21f3ab2f4524753b9885659023cd9d6', 'first_inserted_date': datetime.datetime(2024, 1, 26, 0, 42, 30, 533820, tzinfo=datetime.timezone.utc), 'notice_date': '2023-12-14', 'effective_date': '2024-02-19', 'postal_code': 'CA', 'company': 'Southern PacPizza dba Pizza Hut - 029211', 'location': '', 'jobs': '7', 'is_closure': '', 'is_temporary': '', 'is_superseded': 'False', 'is_amendment': 'True', 'likely_ancestor': 'be5b7daac9609ae78760abb0c8ae7d869a0816a78d63bfaab9d6a692', 'estimated_amendments': 11, 'last_updated_date': datetime.datetime(2024, 7, 11, 23, 32, 4, 245702, tzinfo=datetime.timezone.utc)}"
"{'hash_id': 'bf8f92f72bbbbdb40dae2d13b3d19715869328224009be4fd835ca73', 'postal_code': 'CA', 'company': 'Southern PacPizza dba Pizza Hut - 029198', 'location': '', 'notice_date': '2023-12-14', 'effective_date': '2024-02-23', 'jobs': '6', 'is_temporary': '', 'is_closure': '', 'is_amendment': 'False'}","{'hash_id': 'eb9e0d2109bcc5f778f8fe82b21f3ab2f4524753b9885659023cd9d6', 'first_inserted_date': datetime.datetime(2024, 1, 26, 0, 42, 30, 533820, tzinfo=datetime.timezone.utc), 'notice_date': '2023-12-14', 'effective_date': '2024-02-19', 'postal_code': 'CA', 'company': 'Southern PacPizza dba Pizza Hut - 029211', 'location': '', 'jobs': '7', 'is_closure': '', 'is_temporary': '', 'is_superseded': 'False', 'is_amendment': 'True', 'likely_ancestor': 'be5b7daac9609ae78760abb0c8ae7d869a0816a78d63bfaab9d6a692', 'estimated_amendments': 11, 'last_updated_date': datetime.datetime(2024, 7, 11, 23, 32, 4, 245702, tzinfo=datetime.timezone.utc)}"
"{'hash_id': '76261369134b034fcf851793997f461c03b989332c29390d0c66f4e5', 'postal_code': 'CA', 'company': 'Southern PacPizza dba Pizza Hut - 029220', 'location': '', 'notice_date': '2023-12-14', 'effective_date': '2024-02-18', 'jobs': '8', 'is_temporary': '', 'is_closure': '', 'is_amendment': 'False'}","{'hash_id': 'eb9e0d2109bcc5f778f8fe82b21f3ab2f4524753b9885659023cd9d6', 'first_inserted_date': datetime.datetime(2024, 1, 26, 0, 42, 30, 533820, tzinfo=datetime.timezone.utc), 'notice_date': '2023-12-14', 'effective_date': '2024-02-19', 'postal_code': 'CA', 'company': 'Southern PacPizza dba Pizza Hut - 029211', 'location': '', 'jobs': '7', 'is_closure': '', 'is_temporary': '', 'is_superseded': 'False', 'is_amendment': 'True', 'likely_ancestor': 'be5b7daac9609ae78760abb0c8ae7d869a0816a78d63bfaab9d6a692', 'estimated_amendments': 11, 'last_updated_date': datetime.datetime(2024, 7, 11, 23, 32, 4, 245702, tzinfo=datetime.timezone.utc)}"
"{'hash_id': 'b61cf4327fbfc5ebb20609df72f552f77fadaf61ed0975c8d9d8f165', 'postal_code': 'CA', 'company': 'Southern PacPizza dba Pizza Hut - 029207', 'location': '', 'notice_date': '2023-12-14', 'effective_date': '2024-02-16', 'jobs': '4', 'is_temporary': '', 'is_closure': '', 'is_amendment': 'False'}","{'hash_id': 'eb9e0d2109bcc5f778f8fe82b21f3ab2f4524753b9885659023cd9d6', 'first_inserted_date': datetime.datetime(2024, 1, 26, 0, 42, 30, 533820, tzinfo=datetime.timezone.utc), 'notice_date': '2023-12-14', 'effective_date': '2024-02-19', 'postal_code': 'CA', 'company': 'Southern PacPizza dba Pizza Hut - 029211', 'location': '', 'jobs': '7', 'is_closure': '', 'is_temporary': '', 'is_superseded': 'False', 'is_amendment': 'True', 'likely_ancestor': 'be5b7daac9609ae78760abb0c8ae7d869a0816a78d63bfaab9d6a692', 'estimated_amendments': 11, 'last_updated_date': datetime.datetime(2024, 7, 11, 23, 32, 4, 245702, tzinfo=datetime.timezone.utc)}"
"{'hash_id': '432f572d822fced5d5abf03518d551417ebc27bb9cfa508c2782dba2', 'postal_code': 'CA', 'company': 'Southern PacPizza dba Pizza Hut - 029208', 'location': '', 'notice_date': '2023-12-14', 'effective_date': '2024-02-18', 'jobs': '5', 'is_temporary': '', 'is_closure': '', 'is_amendment': 'False'}","{'hash_id': 'eb9e0d2109bcc5f778f8fe82b21f3ab2f4524753b9885659023cd9d6', 'first_inserted_date': datetime.datetime(2024, 1, 26, 0, 42, 30, 533820, tzinfo=datetime.timezone.utc), 'notice_date': '2023-12-14', 'effective_date': '2024-02-19', 'postal_code': 'CA', 'company': 'Southern PacPizza dba Pizza Hut - 029211', 'location': '', 'jobs': '7', 'is_closure': '', 'is_temporary': '', 'is_superseded': 'False', 'is_amendment': 'True', 'likely_ancestor': 'be5b7daac9609ae78760abb0c8ae7d869a0816a78d63bfaab9d6a692', 'estimated_amendments': 11, 'last_updated_date': datetime.datetime(2024, 7, 11, 23, 32, 4, 245702, tzinfo=datetime.timezone.utc)}"
"{'hash_id': 'f0697674c7aa0d25b9b89263bd38e5effc78a2bdbb0cf6f7b7e819a7', 'postal_code': 'CA', 'company': 'Southern PacPizza dba Pizza Hut - 029205', 'location': '', 'notice_date': '2023-12-14', 'effective_date': '2024-02-18', 'jobs': '6', 'is_temporary': '', 'is_closure': '', 'is_amendment': 'False'}","{'hash_id': 'eb9e0d2109bcc5f778f8fe82b21f3ab2f4524753b9885659023cd9d6', 'first_inserted_date': datetime.datetime(2024, 1, 26, 0, 42, 30, 533820, tzinfo=datetime.timezone.utc), 'notice_date': '2023-12-14', 'effective_date': '2024-02-19', 'postal_code': 'CA', 'company': 'Southern PacPizza dba Pizza Hut - 029211', 'location': '', 'jobs': '7', 'is_closure': '', 'is_temporary': '', 'is_superseded': 'False', 'is_amendment': 'True', 'likely_ancestor': 'be5b7daac9609ae78760abb0c8ae7d869a0816a78d63bfaab9d6a692', 'estimated_amendments': 11, 'last_updated_date': datetime.datetime(2024, 7, 11, 23, 32, 4, 245702, tzinfo=datetime.timezone.utc)}"
"{'hash_id': '0510ac892f248d19ff25d11e7d7d91261c45b9dedf5418b667232588', 'postal_code': 'CA', 'company': 'Southern PacPizza dba Pizza Hut - 029199', 'location': '', 'notice_date': '2023-12-14', 'effective_date': '2024-02-12', 'jobs': '1', 'is_temporary': '', 'is_closure': '', 'is_amendment': 'False'}","{'hash_id': 'eb9e0d2109bcc5f778f8fe82b21f3ab2f4524753b9885659023cd9d6', 'first_inserted_date': datetime.datetime(2024, 1, 26, 0, 42, 30, 533820, tzinfo=datetime.timezone.utc), 'notice_date': '2023-12-14', 'effective_date': '2024-02-19', 'postal_code': 'CA', 'company': 'Southern PacPizza dba Pizza Hut - 029211', 'location': '', 'jobs': '7', 'is_closure': '', 'is_temporary': '', 'is_superseded': 'False', 'is_amendment': 'True', 'likely_ancestor': 'be5b7daac9609ae78760abb0c8ae7d869a0816a78d63bfaab9d6a692', 'estimated_amendments': 11, 'last_updated_date': datetime.datetime(2024, 7, 11, 23, 32, 4, 245702, tzinfo=datetime.timezone.utc)}"
"{'hash_id': 'e3fb05a92a980fdf7abce72635bc885d57a5068f4d2010dfd5ac8798', 'postal_code': 'CA', 'company': 'Southern PacPizza dba Pizza Hut - 029201', 'location': '', 'notice_date': '2023-12-14', 'effective_date': '2024-02-16', 'jobs': '6', 'is_temporary': '', 'is_closure': '', 'is_amendment': 'False'}","{'hash_id': 'eb9e0d2109bcc5f778f8fe82b21f3ab2f4524753b9885659023cd9d6', 'first_inserted_date': datetime.datetime(2024, 1, 26, 0, 42, 30, 533820, tzinfo=datetime.timezone.utc), 'notice_date': '2023-12-14', 'effective_date': '2024-02-19', 'postal_code': 'CA', 'company': 'Southern PacPizza dba Pizza Hut - 029211', 'location': '', 'jobs': '7', 'is_closure': '', 'is_temporary': '', 'is_superseded': 'False', 'is_amendment': 'True', 'likely_ancestor': 'be5b7daac9609ae78760abb0c8ae7d869a0816a78d63bfaab9d6a692', 'estimated_amendments': 11, 'last_updated_date': datetime.datetime(2024, 7, 11, 23, 32, 4, 245702, tzinfo=datetime.timezone.utc)}"
"{'hash_id': '7c54d14424e4d900d911b9a58512f5280f5417c1795689968d1b33b6', 'postal_code': 'CA', 'company': 'Southern PacPizza dba Pizza Hut - 029222', 'location': '', 'notice_date': '2023-12-14', 'effective_date': '2024-02-15', 'jobs': '5', 'is_temporary': '', 'is_closure': '', 'is_amendment': 'False'}","{'hash_id': 'eb9e0d2109bcc5f778f8fe82b21f3ab2f4524753b9885659023cd9d6', 'first_inserted_date': datetime.datetime(2024, 1, 26, 0, 42, 30, 533820, tzinfo=datetime.timezone.utc), 'notice_date': '2023-12-14', 'effective_date': '2024-02-19', 'postal_code': 'CA', 'company': 'Southern PacPizza dba Pizza Hut - 029211', 'location': '', 'jobs': '7', 'is_closure': '', 'is_temporary': '', 'is_superseded': 'False', 'is_amendment': 'True', 'likely_ancestor': 'be5b7daac9609ae78760abb0c8ae7d869a0816a78d63bfaab9d6a692', 'estimated_amendments': 11, 'last_updated_date': datetime.datetime(2024, 7, 11, 23, 32, 4, 245702, tzinfo=datetime.timezone.utc)}"
"{'hash_id': '165649e7dc0c34768074df1333f44497e283b4ab653c135012de303d', 'postal_code': 'CA', 'company': 'Southern PacPizza dba Pizza Hut - 029224', 'location': '', 'notice_date': '2023-12-14', 'effective_date': '2024-02-16', 'jobs': '10', 'is_temporary': '', 'is_closure': '', 'is_amendment': 'False'}","{'hash_id': 'eb9e0d2109bcc5f778f8fe82b21f3ab2f4524753b9885659023cd9d6', 'first_inserted_date': datetime.datetime(2024, 1, 26, 0, 42, 30, 533820, tzinfo=datetime.timezone.utc), 'notice_date': '2023-12-14', 'effective_date': '2024-02-19', 'postal_code': 'CA', 'company': 'Southern PacPizza dba Pizza Hut - 029211', 'location': '', 'jobs': '7', 'is_closure': '', 'is_temporary': '', 'is_superseded': 'False', 'is_amendment': 'True', 'likely_ancestor': 'be5b7daac9609ae78760abb0c8ae7d869a0816a78d63bfaab9d6a692', 'estimated_amendments': 11, 'last_updated_date': datetime.datetime(2024, 7, 11, 23, 32, 4, 245702, tzinfo=datetime.timezone.utc)}"
"{'hash_id': 'e897dfc92b2bc3bb69cbe57f3882d4150859eb51073cbbb9c5ac40b0', 'postal_code': 'CA', 'company': 'Southern PacPizza dba Pizza Hut - 029203', 'location': '', 'notice_date': '2023-12-14', 'effective_date': '2024-02-18', 'jobs': '7', 'is_temporary': '', 'is_closure': '', 'is_amendment': 'False'}","{'hash_id': 'eb9e0d2109bcc5f778f8fe82b21f3ab2f4524753b9885659023cd9d6', 'first_inserted_date': datetime.datetime(2024, 1, 26, 0, 42, 30, 533820, tzinfo=datetime.timezone.utc), 'notice_date': '2023-12-14', 'effective_date': '2024-02-19', 'postal_code': 'CA', 'company': 'Southern PacPizza dba Pizza Hut - 029211', 'location': '', 'jobs': '7', 'is_closure': '', 'is_temporary': '', 'is_superseded': 'False', 'is_amendment': 'True', 'likely_ancestor': 'be5b7daac9609ae78760abb0c8ae7d869a0816a78d63bfaab9d6a692', 'estimated_amendments': 11, 'last_updated_date': datetime.datetime(2024, 7, 11, 23, 32, 4, 245702, tzinfo=datetime.timezone.utc)}"
"{'hash_id': '0d5415beb5d9071d930358cee20616239bd8ab3df08e59e953f553c7', 'postal_code': 'CA', 'company': 'Southern PacPizza dba Pizza Hut - 029221', 'location': '', 'notice_date': '2023-12-14', 'effective_date': '2024-02-18', 'jobs': '6', 'is_temporary': '', 'is_closure': '', 'is_amendment': 'False'}","{'hash_id': 'eb9e0d2109bcc5f778f8fe82b21f3ab2f4524753b9885659023cd9d6', 'first_inserted_date': datetime.datetime(2024, 1, 26, 0, 42, 30, 533820, tzinfo=datetime.timezone.utc), 'notice_date': '2023-12-14', 'effective_date': '2024-02-19', 'postal_code': 'CA', 'company': 'Southern PacPizza dba Pizza Hut - 029211', 'location': '', 'jobs': '7', 'is_closure': '', 'is_temporary': '', 'is_superseded': 'False', 'is_amendment': 'True', 'likely_ancestor': 'be5b7daac9609ae78760abb0c8ae7d869a0816a78d63bfaab9d6a692', 'estimated_amendments': 11, 'last_updated_date': datetime.datetime(2024, 7, 11, 23, 32, 4, 245702, tzinfo=datetime.timezone.utc)}"
"{'hash_id': '9a44e5ce7542e4aa636ad2084d809bbac7bbfbc0c9838b08be4dd498', 'postal_code': 'CA', 'company': 'Southern PacPizza dba Pizza Hut - 029232', 'location': '', 'notice_date': '2023-12-14', 'effective_date': '2024-02-19', 'jobs': '8', 'is_temporary': '', 'is_closure': '', 'is_amendment': 'False'}","{'hash_id': 'eb9e0d2109bcc5f778f8fe82b21f3ab2f4524753b9885659023cd9d6', 'first_inserted_date': datetime.datetime(2024, 1, 26, 0, 42, 30, 533820, tzinfo=datetime.timezone.utc), 'notice_date': '2023-12-14', 'effective_date': '2024-02-19', 'postal_code': 'CA', 'company': 'Southern PacPizza dba Pizza Hut - 029211', 'location': '', 'jobs': '7', 'is_closure': '', 'is_temporary': '', 'is_superseded': 'False', 'is_amendment': 'True', 'likely_ancestor': 'be5b7daac9609ae78760abb0c8ae7d869a0816a78d63bfaab9d6a692', 'estimated_amendments': 11, 'last_updated_date': datetime.datetime(2024, 7, 11, 23, 32, 4, 245702, tzinfo=datetime.timezone.utc)}"
"{'hash_id': 'bc757d0148b7718bf1484a85f7560b2e64871b226f9d239a23592fd2', 'postal_code': 'CA', 'company': 'Cue Health Inc.', 'location': '', 'notice_date': '2024-01-04', 'effective_date': '2024-03-05', 'jobs': '9', 'is_temporary': '', 'is_closure': '', 'is_amendment': 'False'}","{'hash_id': '8d80c929f6cf9ef6492b9bfb41bcaf93d5a38bcf1db5d09367bb8000', 'first_inserted_date': datetime.datetime(2023, 5, 18, 18, 16, 24, 948634, tzinfo=datetime.timezone.utc), 'notice_date': '2024-01-04', 'effective_date': '2024-03-05', 'postal_code': 'CA', 'company': 'Cue Health Inc.', 'location': '', 'jobs': '7', 'is_closure': '', 'is_temporary': '', 'is_superseded': 'False', 'is_amendment': 'True', 'likely_ancestor': '46e1182810e15d329874a47ca89f63f7385f85048cc08a707c70191d', 'estimated_amendments': 23, 'last_updated_date': datetime.datetime(2024, 7, 11, 23, 32, 4, 245702, tzinfo=datetime.timezone.utc)}"
"{'hash_id': '1fce064472ac84129991237b065ec463d1554d2fbaa4ca0ad1766946', 'postal_code': 'CA', 'company': 'Cue Health Inc', 'location': '', 'notice_date': '2024-01-04', 'effective_date': '2024-03-05', 'jobs': '4', 'is_temporary': '', 'is_closure': '', 'is_amendment': 'False'}","{'hash_id': '8d80c929f6cf9ef6492b9bfb41bcaf93d5a38bcf1db5d09367bb8000', 'first_inserted_date': datetime.datetime(2023, 5, 18, 18, 16, 24, 948634, tzinfo=datetime.timezone.utc), 'notice_date': '2024-01-04', 'effective_date': '2024-03-05', 'postal_code': 'CA', 'company': 'Cue Health Inc.', 'location': '', 'jobs': '7', 'is_closure': '', 'is_temporary': '', 'is_superseded': 'False', 'is_amendment': 'True', 'likely_ancestor': '46e1182810e15d329874a47ca89f63f7385f85048cc08a707c70191d', 'estimated_amendments': 23, 'last_updated_date': datetime.datetime(2024, 7, 11, 23, 32, 4, 245702, tzinfo=datetime.timezone.utc)}"
"{'hash_id': '9b449c94075b95f068608ec6d5da3dbc1618b03bca7d94211706215f', 'postal_code': 'CA', 'company': 'Boardriders Wholesale, LLC', 'location': '', 'notice_date': '2024-02-01', 'effective_date': '2024-01-05', 'jobs': '1', 'is_temporary': '', 'is_closure': '', 'is_amendment': 'False'}","{'hash_id': 'ff520ae77272a014e2522bacaaaf90837766a98f59ddf2084389dfba', 'first_inserted_date': datetime.datetime(2024, 2, 9, 15, 14, 56, 57897, tzinfo=datetime.timezone.utc), 'notice_date': '2024-02-01', 'effective_date': '2024-02-16', 'postal_code': 'CA', 'company': 'Boardriders Wholesale, LLC', 'location': '', 'jobs': '6', 'is_closure': '', 'is_temporary': '', 'is_superseded': 'False', 'is_amendment': 'True', 'likely_ancestor': 'c8d0d4122910c558fac077782969f78a1ec45bd7258ea4dd01f92488', 'estimated_amendments': 16, 'last_updated_date': datetime.datetime(2024, 7, 11, 23, 32, 4, 245702, tzinfo=datetime.timezone.utc)}"
"{'hash_id': 'a2f0c33063cd80b673e4080643ef824d43f01f5f473f415a9567ae31', 'postal_code': 'CA', 'company': 'Boardriders Wholesale, LLC', 'location': '', 'notice_date': '2024-02-01', 'effective_date': '2024-01-24', 'jobs': '1', 'is_temporary': '', 'is_closure': '', 'is_amendment': 'False'}","{'hash_id': 'ff520ae77272a014e2522bacaaaf90837766a98f59ddf2084389dfba', 'first_inserted_date': datetime.datetime(2024, 2, 9, 15, 14, 56, 57897, tzinfo=datetime.timezone.utc), 'notice_date': '2024-02-01', 'effective_date': '2024-02-16', 'postal_code': 'CA', 'company': 'Boardriders Wholesale, LLC', 'location': '', 'jobs': '6', 'is_closure': '', 'is_temporary': '', 'is_superseded': 'False', 'is_amendment': 'True', 'likely_ancestor': 'c8d0d4122910c558fac077782969f78a1ec45bd7258ea4dd01f92488', 'estimated_amendments': 16, 'last_updated_date': datetime.datetime(2024, 7, 11, 23, 32, 4, 245702, tzinfo=datetime.timezone.utc)}"
"{'hash_id': 'be2b12e885d358ff04b080f03bc65695de884c0521c7b9c0789a5dae', 'postal_code': 'CA', 'company': 'Boardriders Wholesale, LLC', 'location': '', 'notice_date': '2024-02-01', 'effective_date': '2024-01-26', 'jobs': '4', 'is_temporary': '', 'is_closure': '', 'is_amendment': 'False'}","{'hash_id': 'ff520ae77272a014e2522bacaaaf90837766a98f59ddf2084389dfba', 'first_inserted_date': datetime.datetime(2024, 2, 9, 15, 14, 56, 57897, tzinfo=datetime.timezone.utc), 'notice_date': '2024-02-01', 'effective_date': '2024-02-16', 'postal_code': 'CA', 'company': 'Boardriders Wholesale, LLC', 'location': '', 'jobs': '6', 'is_closure': '', 'is_temporary': '', 'is_superseded': 'False', 'is_amendment': 'True', 'likely_ancestor': 'c8d0d4122910c558fac077782969f78a1ec45bd7258ea4dd01f92488', 'estimated_amendments': 16, 'last_updated_date': datetime.datetime(2024, 7, 11, 23, 32, 4, 245702, tzinfo=datetime.timezone.utc)}"
"{'hash_id': 'a6b1867e9f07b5171dac3fa2c755849b9e30c5782c6e70fe47b751c9', 'postal_code': 'CA', 'company': 'Boardriders Wholesale, LLC', 'location': '', 'notice_date': '2024-02-01', 'effective_date': '2024-01-31', 'jobs': '1', 'is_temporary': '', 'is_closure': '', 'is_amendment': 'False'}","{'hash_id': 'ff520ae77272a014e2522bacaaaf90837766a98f59ddf2084389dfba', 'first_inserted_date': datetime.datetime(2024, 2, 9, 15, 14, 56, 57897, tzinfo=datetime.timezone.utc), 'notice_date': '2024-02-01', 'effective_date': '2024-02-16', 'postal_code': 'CA', 'company': 'Boardriders Wholesale, LLC', 'location': '', 'jobs': '6', 'is_closure': '', 'is_temporary': '', 'is_superseded': 'False', 'is_amendment': 'True', 'likely_ancestor': 'c8d0d4122910c558fac077782969f78a1ec45bd7258ea4dd01f92488', 'estimated_amendments': 16, 'last_updated_date': datetime.datetime(2024, 7, 11, 23, 32, 4, 245702, tzinfo=datetime.timezone.utc)}"
"{'hash_id': 'd679432dd24e096920c77f0ee9274ac79c20501c8b315be2e2063913', 'postal_code': 'CA', 'company': 'Rivian Automotive, LLC', 'location': '', 'notice_date': '2024-02-22', 'effective_date': '2024-04-23', 'jobs': '30', 'is_temporary': '', 'is_closure': '', 'is_amendment': 'False'}","{'hash_id': '82aa5229892511a429bf3750f500a60c97c8f239bd1d3c14e8c13415', 'first_inserted_date': datetime.datetime(2023, 3, 3, 2, 6, 5, 888338, tzinfo=datetime.timezone.utc), 'notice_date': '2024-02-22', 'effective_date': '2024-04-23', 'postal_code': 'CA', 'company': 'Rivian Automotive, LLC', 'location': '', 'jobs': '6', 'is_closure': '', 'is_temporary': '', 'is_superseded': 'False', 'is_amendment': 'True', 'likely_ancestor': 'd8e4a7f58260be1ff31ed7dae1473fcd29b0a4857a2f46ac7b094453', 'estimated_amendments': 29, 'last_updated_date': datetime.datetime(2024, 7, 11, 23, 32, 4, 245702, tzinfo=datetime.timezone.utc)}"
"{'hash_id': '6efb31c9c0af2b2034c6020a686315e8c3d0edd731d52bd735d4c8fd', 'postal_code': 'CA', 'company': 'Rivian Automotive, LLC', 'location': '', 'notice_date': '2024-02-22', 'effective_date': '2024-04-23', 'jobs': '99', 'is_temporary': '', 'is_closure': '', 'is_amendment': 'False'}","{'hash_id': '82aa5229892511a429bf3750f500a60c97c8f239bd1d3c14e8c13415', 'first_inserted_date': datetime.datetime(2023, 3, 3, 2, 6, 5, 888338, tzinfo=datetime.timezone.utc), 'notice_date': '2024-02-22', 'effective_date': '2024-04-23', 'postal_code': 'CA', 'company': 'Rivian Automotive, LLC', 'location': '', 'jobs': '6', 'is_closure': '', 'is_temporary': '', 'is_superseded': 'False', 'is_amendment': 'True', 'likely_ancestor': 'd8e4a7f58260be1ff31ed7dae1473fcd29b0a4857a2f46ac7b094453', 'estimated_amendments': 29, 'last_updated_date': datetime.datetime(2024, 7, 11, 23, 32, 4, 245702, tzinfo=datetime.timezone.utc)}"
"{'hash_id': '13db18bff3bd85a20b42ecee820cd7418150748bd2f63ef485e21a68', 'postal_code': 'CA', 'company': 'Rivian Automotive, LLC', 'location': '', 'notice_date': '2024-02-22', 'effective_date': '2024-04-23', 'jobs': '5', 'is_temporary': '', 'is_closure': '', 'is_amendment': 'False'}","{'hash_id': '82aa5229892511a429bf3750f500a60c97c8f239bd1d3c14e8c13415', 'first_inserted_date': datetime.datetime(2023, 3, 3, 2, 6, 5, 888338, tzinfo=datetime.timezone.utc), 'notice_date': '2024-02-22', 'effective_date': '2024-04-23', 'postal_code': 'CA', 'company': 'Rivian Automotive, LLC', 'location': '', 'jobs': '6', 'is_closure': '', 'is_temporary': '', 'is_superseded': 'False', 'is_amendment': 'True', 'likely_ancestor': 'd8e4a7f58260be1ff31ed7dae1473fcd29b0a4857a2f46ac7b094453', 'estimated_amendments': 29, 'last_updated_date': datetime.datetime(2024, 7, 11, 23, 32, 4, 245702, tzinfo=datetime.timezone.utc)}"
"{'hash_id': 'd0aeb1c93b922c8295faf2c2e8f983bb0c650d3863a47acf0c144941', 'postal_code': 'CA', 'company': 'Rivian Automotive, LLC', 'location': '', 'notice_date': '2024-02-22', 'effective_date': '2024-04-23', 'jobs': '14', 'is_temporary': '', 'is_closure': '', 'is_amendment': 'False'}","{'hash_id': '82aa5229892511a429bf3750f500a60c97c8f239bd1d3c14e8c13415', 'first_inserted_date': datetime.datetime(2023, 3, 3, 2, 6, 5, 888338, tzinfo=datetime.timezone.utc), 'notice_date': '2024-02-22', 'effective_date': '2024-04-23', 'postal_code': 'CA', 'company': 'Rivian Automotive, LLC', 'location': '', 'jobs': '6', 'is_closure': '', 'is_temporary': '', 'is_superseded': 'False', 'is_amendment': 'True', 'likely_ancestor': 'd8e4a7f58260be1ff31ed7dae1473fcd29b0a4857a2f46ac7b094453', 'estimated_amendments': 29, 'last_updated_date': datetime.datetime(2024, 7, 11, 23, 32, 4, 245702, tzinfo=datetime.timezone.utc)}"
"{'hash_id': 'faf27ff61e3e97c5bd0398483fc882751eba03019608e3f63cd8b0f2', 'postal_code': 'CA', 'company': 'Rivian Automotive, LLC', 'location': '', 'notice_date': '2024-02-22', 'effective_date': '2024-04-23', 'jobs': '35', 'is_temporary': '', 'is_closure': '', 'is_amendment': 'False'}","{'hash_id': '82aa5229892511a429bf3750f500a60c97c8f239bd1d3c14e8c13415', 'first_inserted_date': datetime.datetime(2023, 3, 3, 2, 6, 5, 888338, tzinfo=datetime.timezone.utc), 'notice_date': '2024-02-22', 'effective_date': '2024-04-23', 'postal_code': 'CA', 'company': 'Rivian Automotive, LLC', 'location': '', 'jobs': '6', 'is_closure': '', 'is_temporary': '', 'is_superseded': 'False', 'is_amendment': 'True', 'likely_ancestor': 'd8e4a7f58260be1ff31ed7dae1473fcd29b0a4857a2f46ac7b094453', 'estimated_amendments': 29, 'last_updated_date': datetime.datetime(2024, 7, 11, 23, 32, 4, 245702, tzinfo=datetime.timezone.utc)}"
"{'hash_id': '6651daa8466b209c8d2de7d24d797b26289f2c23c664810502ab1077', 'postal_code': 'CA', 'company': 'Rivian Automotive, LLC', 'location': '', 'notice_date': '2024-02-22', 'effective_date': '2024-04-23', 'jobs': '2', 'is_temporary': '', 'is_closure': '', 'is_amendment': 'False'}","{'hash_id': '82aa5229892511a429bf3750f500a60c97c8f239bd1d3c14e8c13415', 'first_inserted_date': datetime.datetime(2023, 3, 3, 2, 6, 5, 888338, tzinfo=datetime.timezone.utc), 'notice_date': '2024-02-22', 'effective_date': '2024-04-23', 'postal_code': 'CA', 'company': 'Rivian Automotive, LLC', 'location': '', 'jobs': '6', 'is_closure': '', 'is_temporary': '', 'is_superseded': 'False', 'is_amendment': 'True', 'likely_ancestor': 'd8e4a7f58260be1ff31ed7dae1473fcd29b0a4857a2f46ac7b094453', 'estimated_amendments': 29, 'last_updated_date': datetime.datetime(2024, 7, 11, 23, 32, 4, 245702, tzinfo=datetime.timezone.utc)}"
"{'hash_id': '6fcb49220944f86592b8936b669c4c437aaa7c0a6dba1bc75162f0c6', 'postal_code': 'CA', 'company': 'PIRCH', 'location': '', 'notice_date': '2024-04-04', 'effective_date': '2024-04-04', 'jobs': '14', 'is_temporary': '', 'is_closure': '', 'is_amendment': 'False'}","{'hash_id': 'ee6363816f22048cd55cb9bf548e9d8bda507096627aea05b599e0bc', 'first_inserted_date': datetime.datetime(2024, 5, 2, 19, 32, 56, 767659, tzinfo=datetime.timezone.utc), 'notice_date': '2024-04-04', 'effective_date': '2024-04-04', 'postal_code': 'CA', 'company': 'PIRCH', 'location': '', 'jobs': '1', 'is_closure': '', 'is_temporary': '', 'is_superseded': 'False', 'is_amendment': 'True', 'likely_ancestor': '6c62d2d54cf0fdfb394cf1b6d31cfe1f5760a3b0755fa530881d494d', 'estimated_amendments': 11, 'last_updated_date': datetime.datetime(2024, 7, 11, 23, 32, 4, 245702, tzinfo=datetime.timezone.utc)}"
"{'hash_id': 'dfa3a7f64717be7622b46af242856652c206985639ce09ab1f5f3ef2', 'postal_code': 'CA', 'company': 'PIRCH', 'location': '', 'notice_date': '2024-04-04', 'effective_date': '2024-04-04', 'jobs': '2', 'is_temporary': '', 'is_closure': '', 'is_amendment': 'False'}","{'hash_id': 'ee6363816f22048cd55cb9bf548e9d8bda507096627aea05b599e0bc', 'first_inserted_date': datetime.datetime(2024, 5, 2, 19, 32, 56, 767659, tzinfo=datetime.timezone.utc), 'notice_date': '2024-04-04', 'effective_date': '2024-04-04', 'postal_code': 'CA', 'company': 'PIRCH', 'location': '', 'jobs': '1', 'is_closure': '', 'is_temporary': '', 'is_superseded': 'False', 'is_amendment': 'True', 'likely_ancestor': '6c62d2d54cf0fdfb394cf1b6d31cfe1f5760a3b0755fa530881d494d', 'estimated_amendments': 11, 'last_updated_date': datetime.datetime(2024, 7, 11, 23, 32, 4, 245702, tzinfo=datetime.timezone.utc)}"
"{'hash_id': '36576ab0316054d9a07343d686bfdac0675f6e3a9bb8afb39ff64730', 'postal_code': 'CA', 'company': 'Aura Management Co.', 'location': '', 'notice_date': '2024-04-01', 'effective_date': '2024-06-26', 'jobs': '12', 'is_temporary': '', 'is_closure': '', 'is_amendment': 'False'}","{'hash_id': '4947ec8e7864a8db6082188c3d9da7aa7ac88ebd0888dc4f3f63dfe6', 'first_inserted_date': datetime.datetime(2024, 4, 23, 23, 33, 26, 715385, tzinfo=datetime.timezone.utc), 'notice_date': '2024-04-18', 'effective_date': '2024-06-25', 'postal_code': 'CA', 'company': 'Aura Management Co.', 'location': '', 'jobs': '20', 'is_closure': 'True', 'is_temporary': '', 'is_superseded': 'False', 'is_amendment': 'True', 'likely_ancestor': 'be2ba5ed4d725c207dac86793cf625c1253fde216441f751072817b4', 'estimated_amendments': 11, 'last_updated_date': datetime.datetime(2024, 7, 11, 23, 32, 4, 245702, tzinfo=datetime.timezone.utc)}"
"{'hash_id': '6661fd86bbf59b3df73f73a0530e405d3a88f1c41244d89d4a725f30', 'postal_code': 'CA', 'company': '99 Cents Only Stores LLC', 'location': '', 'notice_date': '2024-04-04', 'effective_date': '2024-06-03', 'jobs': '34', 'is_temporary': '', 'is_closure': 'True', 'is_amendment': 'False'}","{'hash_id': 'b4d83fc79ef251808d4df9584884d73f0ea3605039e670c3da6465ad', 'first_inserted_date': datetime.datetime(2024, 4, 18, 19, 34, 4, 189236, tzinfo=datetime.timezone.utc), 'notice_date': '2024-04-04', 'effective_date': '2024-06-03', 'postal_code': 'CA', 'company': '99 Cents Only Stores LLC', 'location': '', 'jobs': '40', 'is_closure': 'True', 'is_temporary': '', 'is_superseded': 'False', 'is_amendment': 'True', 'likely_ancestor': 'b7352499cae7c0dbfb42dcda98e5eb4739685d885361c99f9dbcabcd', 'estimated_amendments': 11, 'last_updated_date': datetime.datetime(2024, 7, 11, 23, 32, 4, 245702, tzinfo=datetime.timezone.utc)}"
"{'hash_id': 'a475d4361ddfb7db81e2da6825c7a6db773f0931e8044648840888e7', 'postal_code': 'CA', 'company': '99 Cents Only Stores LLC', 'location': '', 'notice_date': '2024-04-04', 'effective_date': '2024-06-03', 'jobs': '56', 'is_temporary': '', 'is_closure': 'True', 'is_amendment': 'False'}","{'hash_id': 'b4d83fc79ef251808d4df9584884d73f0ea3605039e670c3da6465ad', 'first_inserted_date': datetime.datetime(2024, 4, 18, 19, 34, 4, 189236, tzinfo=datetime.timezone.utc), 'notice_date': '2024-04-04', 'effective_date': '2024-06-03', 'postal_code': 'CA', 'company': '99 Cents Only Stores LLC', 'location': '', 'jobs': '40', 'is_closure': 'True', 'is_temporary': '', 'is_superseded': 'False', 'is_amendment': 'True', 'likely_ancestor': 'b7352499cae7c0dbfb42dcda98e5eb4739685d885361c99f9dbcabcd', 'estimated_amendments': 11, 'last_updated_date': datetime.datetime(2024, 7, 11, 23, 32, 4, 245702, tzinfo=datetime.timezone.utc)}"
"{'hash_id': '0411b5b8c83a76617a46fd5a9575303c7f9e96d61b2fd8db349d4274', 'postal_code': 'CA', 'company': 'Aura Management Co.', 'location': '', 'notice_date': '2024-04-18', 'effective_date': '2024-06-19', 'jobs': '13', 'is_temporary': '', 'is_closure': 'True', 'is_amendment': 'False'}","{'hash_id': '4947ec8e7864a8db6082188c3d9da7aa7ac88ebd0888dc4f3f63dfe6', 'first_inserted_date': datetime.datetime(2024, 4, 23, 23, 33, 26, 715385, tzinfo=datetime.timezone.utc), 'notice_date': '2024-04-18', 'effective_date': '2024-06-25', 'postal_code': 'CA', 'company': 'Aura Management Co.', 'location': '', 'jobs': '20', 'is_closure': 'True', 'is_temporary': '', 'is_superseded': 'False', 'is_amendment': 'True', 'likely_ancestor': 'be2ba5ed4d725c207dac86793cf625c1253fde216441f751072817b4', 'estimated_amendments': 11, 'last_updated_date': datetime.datetime(2024, 7, 11, 23, 32, 4, 245702, tzinfo=datetime.timezone.utc)}"
"{'hash_id': '87a1606c0665ee1156d05c23e74ccd0f5a9a75bea4e63caa2b4a8c51', 'postal_code': 'CA', 'company': 'Aura Management Co.', 'location': '', 'notice_date': '2024-04-18', 'effective_date': '2024-06-27', 'jobs': '11', 'is_temporary': '', 'is_closure': 'True', 'is_amendment': 'False'}","{'hash_id': '4947ec8e7864a8db6082188c3d9da7aa7ac88ebd0888dc4f3f63dfe6', 'first_inserted_date': datetime.datetime(2024, 4, 23, 23, 33, 26, 715385, tzinfo=datetime.timezone.utc), 'notice_date': '2024-04-18', 'effective_date': '2024-06-25', 'postal_code': 'CA', 'company': 'Aura Management Co.', 'location': '', 'jobs': '20', 'is_closure': 'True', 'is_temporary': '', 'is_superseded': 'False', 'is_amendment': 'True', 'likely_ancestor': 'be2ba5ed4d725c207dac86793cf625c1253fde216441f751072817b4', 'estimated_amendments': 11, 'last_updated_date': datetime.datetime(2024, 7, 11, 23, 32, 4, 245702, tzinfo=datetime.timezone.utc)}"
"{'hash_id': 'b85f5809b5e42aaf5a683385afe6f4f0b12132a80c2b0bc5a3b3f3df', 'postal_code': 'CA', 'company': 'Aura Management Co.', 'location': '', 'notice_date': '2024-04-18', 'effective_date': '2024-06-20', 'jobs': '13', 'is_temporary': '', 'is_closure': 'True', 'is_amendment': 'False'}","{'hash_id': '4947ec8e7864a8db6082188c3d9da7aa7ac88ebd0888dc4f3f63dfe6', 'first_inserted_date': datetime.datetime(2024, 4, 23, 23, 33, 26, 715385, tzinfo=datetime.timezone.utc), 'notice_date': '2024-04-18', 'effective_date': '2024-06-25', 'postal_code': 'CA', 'company': 'Aura Management Co.', 'location': '', 'jobs': '20', 'is_closure': 'True', 'is_temporary': '', 'is_superseded': 'False', 'is_amendment': 'True', 'likely_ancestor': 'be2ba5ed4d725c207dac86793cf625c1253fde216441f751072817b4', 'estimated_amendments': 11, 'last_updated_date': datetime.datetime(2024, 7, 11, 23, 32, 4, 245702, tzinfo=datetime.timezone.utc)}"
"{'hash_id': '8d753e284c99040e3f2962dc964ed03659c7228316df710c8d20c4da', 'postal_code': 'CA', 'company': 'Aura Management Co.', 'location': '', 'notice_date': '2024-04-18', 'effective_date': '2024-06-10', 'jobs': '16', 'is_temporary': '', 'is_closure': 'True', 'is_amendment': 'False'}","{'hash_id': '4947ec8e7864a8db6082188c3d9da7aa7ac88ebd0888dc4f3f63dfe6', 'first_inserted_date': datetime.datetime(2024, 4, 23, 23, 33, 26, 715385, tzinfo=datetime.timezone.utc), 'notice_date': '2024-04-18', 'effective_date': '2024-06-25', 'postal_code': 'CA', 'company': 'Aura Management Co.', 'location': '', 'jobs': '20', 'is_closure': 'True', 'is_temporary': '', 'is_superseded': 'False', 'is_amendment': 'True', 'likely_ancestor': 'be2ba5ed4d725c207dac86793cf625c1253fde216441f751072817b4', 'estimated_amendments': 11, 'last_updated_date': datetime.datetime(2024, 7, 11, 23, 32, 4, 245702, tzinfo=datetime.timezone.utc)}"
"{'hash_id': '8344851b6b1b83fc067fac554894980764d2aec2c817690300630142', 'postal_code': 'CA', 'company': 'Aura Management Co.', 'location': '', 'notice_date': '2024-04-18', 'effective_date': '2024-06-18', 'jobs': '16', 'is_temporary': '', 'is_closure': 'True', 'is_amendment': 'False'}","{'hash_id': '4947ec8e7864a8db6082188c3d9da7aa7ac88ebd0888dc4f3f63dfe6', 'first_inserted_date': datetime.datetime(2024, 4, 23, 23, 33, 26, 715385, tzinfo=datetime.timezone.utc), 'notice_date': '2024-04-18', 'effective_date': '2024-06-25', 'postal_code': 'CA', 'company': 'Aura Management Co.', 'location': '', 'jobs': '20', 'is_closure': 'True', 'is_temporary': '', 'is_superseded': 'False', 'is_amendment': 'True', 'likely_ancestor': 'be2ba5ed4d725c207dac86793cf625c1253fde216441f751072817b4', 'estimated_amendments': 11, 'last_updated_date': datetime.datetime(2024, 7, 11, 23, 32, 4, 245702, tzinfo=datetime.timezone.utc)}"
"{'hash_id': 'e81530ff8092a69b3113488b74b074e0c5db42b73a095665087dd6d6', 'postal_code': 'CA', 'company': 'Aura Management Co.', 'location': '', 'notice_date': '2024-04-18', 'effective_date': '2024-06-24', 'jobs': '17', 'is_temporary': '', 'is_closure': 'True', 'is_amendment': 'False'}","{'hash_id': '4947ec8e7864a8db6082188c3d9da7aa7ac88ebd0888dc4f3f63dfe6', 'first_inserted_date': datetime.datetime(2024, 4, 23, 23, 33, 26, 715385, tzinfo=datetime.timezone.utc), 'notice_date': '2024-04-18', 'effective_date': '2024-06-25', 'postal_code': 'CA', 'company': 'Aura Management Co.', 'location': '', 'jobs': '20', 'is_closure': 'True', 'is_temporary': '', 'is_superseded': 'False', 'is_amendment': 'True', 'likely_ancestor': 'be2ba5ed4d725c207dac86793cf625c1253fde216441f751072817b4', 'estimated_amendments': 11, 'last_updated_date': datetime.datetime(2024, 7, 11, 23, 32, 4, 245702, tzinfo=datetime.timezone.utc)}"
"{'hash_id': 'f70d36c63c49dba785419fd1d23d0ca04a3ad1da4a9bde1366aa72ac', 'postal_code': 'CA', 'company': 'Aura Management Co.', 'location': '', 'notice_date': '2024-04-18', 'effective_date': '2024-06-13', 'jobs': '13', 'is_temporary': '', 'is_closure': 'True', 'is_amendment': 'False'}","{'hash_id': '4947ec8e7864a8db6082188c3d9da7aa7ac88ebd0888dc4f3f63dfe6', 'first_inserted_date': datetime.datetime(2024, 4, 23, 23, 33, 26, 715385, tzinfo=datetime.timezone.utc), 'notice_date': '2024-04-18', 'effective_date': '2024-06-25', 'postal_code': 'CA', 'company': 'Aura Management Co.', 'location': '', 'jobs': '20', 'is_closure': 'True', 'is_temporary': '', 'is_superseded': 'False', 'is_amendment': 'True', 'likely_ancestor': 'be2ba5ed4d725c207dac86793cf625c1253fde216441f751072817b4', 'estimated_amendments': 11, 'last_updated_date': datetime.datetime(2024, 7, 11, 23, 32, 4, 245702, tzinfo=datetime.timezone.utc)}"
"{'hash_id': 'bfb47aa82536e2697cb83d083c31b7319fadbbef30001470385233ec', 'postal_code': 'CA', 'company': 'Aura Management Co.', 'location': '', 'notice_date': '2024-04-18', 'effective_date': '2024-06-12', 'jobs': '16', 'is_temporary': '', 'is_closure': 'True', 'is_amendment': 'False'}","{'hash_id': '4947ec8e7864a8db6082188c3d9da7aa7ac88ebd0888dc4f3f63dfe6', 'first_inserted_date': datetime.datetime(2024, 4, 23, 23, 33, 26, 715385, tzinfo=datetime.timezone.utc), 'notice_date': '2024-04-18', 'effective_date': '2024-06-25', 'postal_code': 'CA', 'company': 'Aura Management Co.', 'location': '', 'jobs': '20', 'is_closure': 'True', 'is_temporary': '', 'is_superseded': 'False', 'is_amendment': 'True', 'likely_ancestor': 'be2ba5ed4d725c207dac86793cf625c1253fde216441f751072817b4', 'estimated_amendments': 11, 'last_updated_date': datetime.datetime(2024, 7, 11, 23, 32, 4, 245702, tzinfo=datetime.timezone.utc)}"
"{'hash_id': '245cee620ccb312935d6f0115aec4aa72bb9538cfdb1e475586719b2', 'postal_code': 'CA', 'company': 'Aura Management Co.', 'location': '', 'notice_date': '2024-04-18', 'effective_date': '2024-06-17', 'jobs': '13', 'is_temporary': '', 'is_closure': 'True', 'is_amendment': 'False'}","{'hash_id': '4947ec8e7864a8db6082188c3d9da7aa7ac88ebd0888dc4f3f63dfe6', 'first_inserted_date': datetime.datetime(2024, 4, 23, 23, 33, 26, 715385, tzinfo=datetime.timezone.utc), 'notice_date': '2024-04-18', 'effective_date': '2024-06-25', 'postal_code': 'CA', 'company': 'Aura Management Co.', 'location': '', 'jobs': '20', 'is_closure': 'True', 'is_temporary': '', 'is_superseded': 'False', 'is_amendment': 'True', 'likely_ancestor': 'be2ba5ed4d725c207dac86793cf625c1253fde216441f751072817b4', 'estimated_amendments': 11, 'last_updated_date': datetime.datetime(2024, 7, 11, 23, 32, 4, 245702, tzinfo=datetime.timezone.utc)}"
"{'hash_id': 'a98dccc0136d92e436ff3838654d8586360a264b6873c3bb25961d5f', 'postal_code': 'CA', 'company': 'Aura Management Co.', 'location': '', 'notice_date': '2024-04-18', 'effective_date': '2024-07-11', 'jobs': '20', 'is_temporary': '', 'is_closure': 'True', 'is_amendment': 'False'}","{'hash_id': '4947ec8e7864a8db6082188c3d9da7aa7ac88ebd0888dc4f3f63dfe6', 'first_inserted_date': datetime.datetime(2024, 4, 23, 23, 33, 26, 715385, tzinfo=datetime.timezone.utc), 'notice_date': '2024-04-18', 'effective_date': '2024-06-25', 'postal_code': 'CA', 'company': 'Aura Management Co.', 'location': '', 'jobs': '20', 'is_closure': 'True', 'is_temporary': '', 'is_superseded': 'False', 'is_amendment': 'True', 'likely_ancestor': 'be2ba5ed4d725c207dac86793cf625c1253fde216441f751072817b4', 'estimated_amendments': 11, 'last_updated_date': datetime.datetime(2024, 7, 11, 23, 32, 4, 245702, tzinfo=datetime.timezone.utc)}"
"{'hash_id': '94dbdfc7645a4dcef1bd8b5978f30de13bef3ee0484969a12f71d659', 'postal_code': 'CA', 'company': 'Aura Management Co.', 'location': '', 'notice_date': '2024-04-18', 'effective_date': '2024-07-31', 'jobs': '11', 'is_temporary': '', 'is_closure': 'True', 'is_amendment': 'False'}","{'hash_id': '4947ec8e7864a8db6082188c3d9da7aa7ac88ebd0888dc4f3f63dfe6', 'first_inserted_date': datetime.datetime(2024, 4, 23, 23, 33, 26, 715385, tzinfo=datetime.timezone.utc), 'notice_date': '2024-04-18', 'effective_date': '2024-06-25', 'postal_code': 'CA', 'company': 'Aura Management Co.', 'location': '', 'jobs': '20', 'is_closure': 'True', 'is_temporary': '', 'is_superseded': 'False', 'is_amendment': 'True', 'likely_ancestor': 'be2ba5ed4d725c207dac86793cf625c1253fde216441f751072817b4', 'estimated_amendments': 11, 'last_updated_date': datetime.datetime(2024, 7, 11, 23, 32, 4, 245702, tzinfo=datetime.timezone.utc)}"
"{'hash_id': '26620ab350a9d7266d18e3a2f665e332964fe420a76e0ded26a41f1b', 'postal_code': 'CA', 'company': 'Aura Management Co.', 'location': '', 'notice_date': '2024-04-18', 'effective_date': '2024-07-15', 'jobs': '14', 'is_temporary': '', 'is_closure': 'True', 'is_amendment': 'False'}","{'hash_id': '4947ec8e7864a8db6082188c3d9da7aa7ac88ebd0888dc4f3f63dfe6', 'first_inserted_date': datetime.datetime(2024, 4, 23, 23, 33, 26, 715385, tzinfo=datetime.timezone.utc), 'notice_date': '2024-04-18', 'effective_date': '2024-06-25', 'postal_code': 'CA', 'company': 'Aura Management Co.', 'location': '', 'jobs': '20', 'is_closure': 'True', 'is_temporary': '', 'is_superseded': 'False', 'is_amendment': 'True', 'likely_ancestor': 'be2ba5ed4d725c207dac86793cf625c1253fde216441f751072817b4', 'estimated_amendments': 11, 'last_updated_date': datetime.datetime(2024, 7, 11, 23, 32, 4, 245702, tzinfo=datetime.timezone.utc)}"
"{'hash_id': '4ab3800495fee4ae6b2045d451de33a61e629f410fc8872f9584d72c', 'postal_code': 'CA', 'company': 'Triple Canopy', 'location': '', 'notice_date': '2024-03-27', 'effective_date': '2024-05-31', 'jobs': '1', 'is_temporary': '', 'is_closure': '', 'is_amendment': 'False'}","{'hash_id': '21eec1e0a026550b7fe290b55c9e86922b6332fa7ee0fbf9891d705b', 'first_inserted_date': datetime.datetime(2024, 4, 25, 19, 32, 16, 43198, tzinfo=datetime.timezone.utc), 'notice_date': '2024-03-27', 'effective_date': '2024-05-31', 'postal_code': 'CA', 'company': 'Triple Canopy', 'location': '', 'jobs': '3', 'is_closure': '', 'is_temporary': '', 'is_superseded': 'False', 'is_amendment': 'True', 'likely_ancestor': 'fcd67f1a06ad9e316060ac10d3bdd9f43b09001f91f7c898741b237d', 'estimated_amendments': 11, 'last_updated_date': datetime.datetime(2024, 7, 11, 23, 32, 4, 245702, tzinfo=datetime.timezone.utc)}"
"{'hash_id': '3dd24c1bf0a617a8a997ffb9c868d682d2000679e7a128aa202d89f5', 'postal_code': 'CA', 'company': 'Triple Canopy', 'location': '', 'notice_date': '2024-03-27', 'effective_date': '2024-05-31', 'jobs': '2', 'is_temporary': '', 'is_closure': '', 'is_amendment': 'False'}","{'hash_id': '21eec1e0a026550b7fe290b55c9e86922b6332fa7ee0fbf9891d705b', 'first_inserted_date': datetime.datetime(2024, 4, 25, 19, 32, 16, 43198, tzinfo=datetime.timezone.utc), 'notice_date': '2024-03-27', 'effective_date': '2024-05-31', 'postal_code': 'CA', 'company': 'Triple Canopy', 'location': '', 'jobs': '3', 'is_closure': '', 'is_temporary': '', 'is_superseded': 'False', 'is_amendment': 'True', 'likely_ancestor': 'fcd67f1a06ad9e316060ac10d3bdd9f43b09001f91f7c898741b237d', 'estimated_amendments': 11, 'last_updated_date': datetime.datetime(2024, 7, 11, 23, 32, 4, 245702, tzinfo=datetime.timezone.utc)}"
"{'hash_id': '3ae3aab8655e4ded596e664641222929c0a4cd9afd38ce104ced676f', 'postal_code': 'CA', 'company': 'Herbalife International of America, Inc.', 'location': '', 'notice_date': '2024-04-22', 'effective_date': '2024-05-31', 'jobs': '21', 'is_temporary': '', 'is_closure': '', 'is_amendment': 'False'}","{'hash_id': '80eaf4c39396c33712486887234bfee07a36492c8981407dd3c97013', 'first_inserted_date': datetime.datetime(2022, 4, 8, 0, 21, 19, 261025, tzinfo=datetime.timezone.utc), 'notice_date': '2024-05-06', 'effective_date': '2024-05-31', 'postal_code': 'CA', 'company': 'Herbalife International of America, Inc.', 'location': '', 'jobs': '70', 'is_closure': '', 'is_temporary': '', 'is_superseded': 'False', 'is_amendment': 'True', 'likely_ancestor': 'f948568ebebb81d399f121f61103f93293e11f3c13e85a201375d25a', 'estimated_amendments': 24, 'last_updated_date': datetime.datetime(2024, 7, 11, 23, 32, 4, 245702, tzinfo=datetime.timezone.utc)}"
"{'hash_id': '62ad971274203113e65e56af0976d7dea270b69b24ba92b8ccfa4d5e', 'postal_code': 'CA', 'company': 'Herbalife International of America, Inc.', 'location': '', 'notice_date': '2024-04-22', 'effective_date': '2024-05-31', 'jobs': '59', 'is_temporary': '', 'is_closure': '', 'is_amendment': 'False'}","{'hash_id': '80eaf4c39396c33712486887234bfee07a36492c8981407dd3c97013', 'first_inserted_date': datetime.datetime(2022, 4, 8, 0, 21, 19, 261025, tzinfo=datetime.timezone.utc), 'notice_date': '2024-05-06', 'effective_date': '2024-05-31', 'postal_code': 'CA', 'company': 'Herbalife International of America, Inc.', 'location': '', 'jobs': '70', 'is_closure': '', 'is_temporary': '', 'is_superseded': 'False', 'is_amendment': 'True', 'likely_ancestor': 'f948568ebebb81d399f121f61103f93293e11f3c13e85a201375d25a', 'estimated_amendments': 24, 'last_updated_date': datetime.datetime(2024, 7, 11, 23, 32, 4, 245702, tzinfo=datetime.timezone.utc)}"
"{'hash_id': 'dff70c395daa4e4cddbf63ad50c13b3cb4aa73058c21002ccef3dafe', 'postal_code': 'CA', 'company': 'Tesla, Inc.', 'location': '', 'notice_date': '2024-04-22', 'effective_date': '2024-06-14', 'jobs': '1452', 'is_temporary': '', 'is_closure': '', 'is_amendment': 'False'}","{'hash_id': 'f137d9007d3bf3692b517e7f2bf4205248bd1f8be299bd40584b5d04', 'first_inserted_date': datetime.datetime(2024, 4, 30, 19, 32, 5, 282495, tzinfo=datetime.timezone.utc), 'notice_date': '2024-04-22', 'effective_date': '2024-06-14', 'postal_code': 'CA', 'company': 'Tesla, Inc.', 'location': '', 'jobs': '403', 'is_closure': '', 'is_temporary': '', 'is_superseded': 'False', 'is_amendment': 'True', 'likely_ancestor': '29896a64b8762e0edb76e66bdd5b7fc488b1a4d12ff2e5d0a321147d', 'estimated_amendments': 12, 'last_updated_date': datetime.datetime(2024, 7, 11, 23, 32, 4, 245702, tzinfo=datetime.timezone.utc)}"
"{'hash_id': '80766bae1833d106c6b64beac312e8f60e16ed11745211ea42dbb136', 'postal_code': 'CA', 'company': 'Tesla, Inc.', 'location': '', 'notice_date': '2024-04-22', 'effective_date': '2024-06-14', 'jobs': '25', 'is_temporary': '', 'is_closure': '', 'is_amendment': 'False'}","{'hash_id': 'f137d9007d3bf3692b517e7f2bf4205248bd1f8be299bd40584b5d04', 'first_inserted_date': datetime.datetime(2024, 4, 30, 19, 32, 5, 282495, tzinfo=datetime.timezone.utc), 'notice_date': '2024-04-22', 'effective_date': '2024-06-14', 'postal_code': 'CA', 'company': 'Tesla, Inc.', 'location': '', 'jobs': '403', 'is_closure': '', 'is_temporary': '', 'is_superseded': 'False', 'is_amendment': 'True', 'likely_ancestor': '29896a64b8762e0edb76e66bdd5b7fc488b1a4d12ff2e5d0a321147d', 'estimated_amendments': 12, 'last_updated_date': datetime.datetime(2024, 7, 11, 23, 32, 4, 245702, tzinfo=datetime.timezone.utc)}"
"{'hash_id': '3f90071bfeafae27f60b65dbc9e989e8d95b14eaf9f6a4d2125b3f0a', 'postal_code': 'CA', 'company': 'Tesla, Inc.', 'location': '', 'notice_date': '2024-04-22', 'effective_date': '2024-06-14', 'jobs': '11', 'is_temporary': '', 'is_closure': '', 'is_amendment': 'False'}","{'hash_id': 'f137d9007d3bf3692b517e7f2bf4205248bd1f8be299bd40584b5d04', 'first_inserted_date': datetime.datetime(2024, 4, 30, 19, 32, 5, 282495, tzinfo=datetime.timezone.utc), 'notice_date': '2024-04-22', 'effective_date': '2024-06-14', 'postal_code': 'CA', 'company': 'Tesla, Inc.', 'location': '', 'jobs': '403', 'is_closure': '', 'is_temporary': '', 'is_superseded': 'False', 'is_amendment': 'True', 'likely_ancestor': '29896a64b8762e0edb76e66bdd5b7fc488b1a4d12ff2e5d0a321147d', 'estimated_amendments': 12, 'last_updated_date': datetime.datetime(2024, 7, 11, 23, 32, 4, 245702, tzinfo=datetime.timezone.utc)}"
"{'hash_id': '05bc9c09326c42a9a909300f20253b0e17a69c74dad20139c7245909', 'postal_code': 'CA', 'company': 'Tesla, Inc.', 'location': '', 'notice_date': '2024-04-22', 'effective_date': '2024-06-14', 'jobs': '8', 'is_temporary': '', 'is_closure': '', 'is_amendment': 'False'}","{'hash_id': 'f137d9007d3bf3692b517e7f2bf4205248bd1f8be299bd40584b5d04', 'first_inserted_date': datetime.datetime(2024, 4, 30, 19, 32, 5, 282495, tzinfo=datetime.timezone.utc), 'notice_date': '2024-04-22', 'effective_date': '2024-06-14', 'postal_code': 'CA', 'company': 'Tesla, Inc.', 'location': '', 'jobs': '403', 'is_closure': '', 'is_temporary': '', 'is_superseded': 'False', 'is_amendment': 'True', 'likely_ancestor': '29896a64b8762e0edb76e66bdd5b7fc488b1a4d12ff2e5d0a321147d', 'estimated_amendments': 12, 'last_updated_date': datetime.datetime(2024, 7, 11, 23, 32, 4, 245702, tzinfo=datetime.timezone.utc)}"
"{'hash_id': 'f3a7cbaf6d16f0a70da8fd91e1b11c2d57cc319cb0544679badd3078', 'postal_code': 'CA', 'company': 'Tesla, Inc.', 'location': '', 'notice_date': '2024-04-22', 'effective_date': '2024-06-14', 'jobs': '6', 'is_temporary': '', 'is_closure': '', 'is_amendment': 'False'}","{'hash_id': 'f137d9007d3bf3692b517e7f2bf4205248bd1f8be299bd40584b5d04', 'first_inserted_date': datetime.datetime(2024, 4, 30, 19, 32, 5, 282495, tzinfo=datetime.timezone.utc), 'notice_date': '2024-04-22', 'effective_date': '2024-06-14', 'postal_code': 'CA', 'company': 'Tesla, Inc.', 'location': '', 'jobs': '403', 'is_closure': '', 'is_temporary': '', 'is_superseded': 'False', 'is_amendment': 'True', 'likely_ancestor': '29896a64b8762e0edb76e66bdd5b7fc488b1a4d12ff2e5d0a321147d', 'estimated_amendments': 12, 'last_updated_date': datetime.datetime(2024, 7, 11, 23, 32, 4, 245702, tzinfo=datetime.timezone.utc)}"
"{'hash_id': 'd025764a85eba42d4ffc669255d87f7d99945d0c193fa902a2c786a1', 'postal_code': 'CA', 'company': 'Tesla, Inc.', 'location': '', 'notice_date': '2024-04-22', 'effective_date': '2024-06-14', 'jobs': '28', 'is_temporary': '', 'is_closure': '', 'is_amendment': 'False'}","{'hash_id': 'f137d9007d3bf3692b517e7f2bf4205248bd1f8be299bd40584b5d04', 'first_inserted_date': datetime.datetime(2024, 4, 30, 19, 32, 5, 282495, tzinfo=datetime.timezone.utc), 'notice_date': '2024-04-22', 'effective_date': '2024-06-14', 'postal_code': 'CA', 'company': 'Tesla, Inc.', 'location': '', 'jobs': '403', 'is_closure': '', 'is_temporary': '', 'is_superseded': 'False', 'is_amendment': 'True', 'likely_ancestor': '29896a64b8762e0edb76e66bdd5b7fc488b1a4d12ff2e5d0a321147d', 'estimated_amendments': 12, 'last_updated_date': datetime.datetime(2024, 7, 11, 23, 32, 4, 245702, tzinfo=datetime.timezone.utc)}"
"{'hash_id': '434c0840b4753a1c3a09846e4964af963efe25c33a7f2b030bf18647', 'postal_code': 'CA', 'company': 'Tesla, Inc.', 'location': '', 'notice_date': '2024-04-22', 'effective_date': '2024-06-14', 'jobs': '30', 'is_temporary': '', 'is_closure': '', 'is_amendment': 'False'}","{'hash_id': 'f137d9007d3bf3692b517e7f2bf4205248bd1f8be299bd40584b5d04', 'first_inserted_date': datetime.datetime(2024, 4, 30, 19, 32, 5, 282495, tzinfo=datetime.timezone.utc), 'notice_date': '2024-04-22', 'effective_date': '2024-06-14', 'postal_code': 'CA', 'company': 'Tesla, Inc.', 'location': '', 'jobs': '403', 'is_closure': '', 'is_temporary': '', 'is_superseded': 'False', 'is_amendment': 'True', 'likely_ancestor': '29896a64b8762e0edb76e66bdd5b7fc488b1a4d12ff2e5d0a321147d', 'estimated_amendments': 12, 'last_updated_date': datetime.datetime(2024, 7, 11, 23, 32, 4, 245702, tzinfo=datetime.timezone.utc)}"
"{'hash_id': '0c638081498f20572d5ca89da686912f1bf2fc5b769ae46cc6401d02', 'postal_code': 'CA', 'company': 'Tesla, Inc.', 'location': '', 'notice_date': '2024-04-22', 'effective_date': '2024-06-14', 'jobs': '9', 'is_temporary': '', 'is_closure': '', 'is_amendment': 'False'}","{'hash_id': 'f137d9007d3bf3692b517e7f2bf4205248bd1f8be299bd40584b5d04', 'first_inserted_date': datetime.datetime(2024, 4, 30, 19, 32, 5, 282495, tzinfo=datetime.timezone.utc), 'notice_date': '2024-04-22', 'effective_date': '2024-06-14', 'postal_code': 'CA', 'company': 'Tesla, Inc.', 'location': '', 'jobs': '403', 'is_closure': '', 'is_temporary': '', 'is_superseded': 'False', 'is_amendment': 'True', 'likely_ancestor': '29896a64b8762e0edb76e66bdd5b7fc488b1a4d12ff2e5d0a321147d', 'estimated_amendments': 12, 'last_updated_date': datetime.datetime(2024, 7, 11, 23, 32, 4, 245702, tzinfo=datetime.timezone.utc)}"
"{'hash_id': '98d23ec69c57cc4ecb12d4430d222115836fcf3c9fa98a035939b668', 'postal_code': 'CA', 'company': 'Tesla, Inc.', 'location': '', 'notice_date': '2024-04-22', 'effective_date': '2024-06-14', 'jobs': '77', 'is_temporary': '', 'is_closure': '', 'is_amendment': 'False'}","{'hash_id': 'f137d9007d3bf3692b517e7f2bf4205248bd1f8be299bd40584b5d04', 'first_inserted_date': datetime.datetime(2024, 4, 30, 19, 32, 5, 282495, tzinfo=datetime.timezone.utc), 'notice_date': '2024-04-22', 'effective_date': '2024-06-14', 'postal_code': 'CA', 'company': 'Tesla, Inc.', 'location': '', 'jobs': '403', 'is_closure': '', 'is_temporary': '', 'is_superseded': 'False', 'is_amendment': 'True', 'likely_ancestor': '29896a64b8762e0edb76e66bdd5b7fc488b1a4d12ff2e5d0a321147d', 'estimated_amendments': 12, 'last_updated_date': datetime.datetime(2024, 7, 11, 23, 32, 4, 245702, tzinfo=datetime.timezone.utc)}"
"{'hash_id': 'ecfd557c7c6377b05414a3ba613828ab4b713cdfe934d7053bae7d2b', 'postal_code': 'CA', 'company': 'Tesla, Inc.', 'location': '', 'notice_date': '2024-04-22', 'effective_date': '2024-06-14', 'jobs': '49', 'is_temporary': '', 'is_closure': '', 'is_amendment': 'False'}","{'hash_id': 'f137d9007d3bf3692b517e7f2bf4205248bd1f8be299bd40584b5d04', 'first_inserted_date': datetime.datetime(2024, 4, 30, 19, 32, 5, 282495, tzinfo=datetime.timezone.utc), 'notice_date': '2024-04-22', 'effective_date': '2024-06-14', 'postal_code': 'CA', 'company': 'Tesla, Inc.', 'location': '', 'jobs': '403', 'is_closure': '', 'is_temporary': '', 'is_superseded': 'False', 'is_amendment': 'True', 'likely_ancestor': '29896a64b8762e0edb76e66bdd5b7fc488b1a4d12ff2e5d0a321147d', 'estimated_amendments': 12, 'last_updated_date': datetime.datetime(2024, 7, 11, 23, 32, 4, 245702, tzinfo=datetime.timezone.utc)}"
"{'hash_id': 'fb26e49d7d380333087cc34cf07db57efacb038e714ce802bf8be8f3', 'postal_code': 'CA', 'company': 'Tesla, Inc.', 'location': '', 'notice_date': '2024-04-22', 'effective_date': '2024-06-14', 'jobs': '23', 'is_temporary': '', 'is_closure': '', 'is_amendment': 'False'}","{'hash_id': 'f137d9007d3bf3692b517e7f2bf4205248bd1f8be299bd40584b5d04', 'first_inserted_date': datetime.datetime(2024, 4, 30, 19, 32, 5, 282495, tzinfo=datetime.timezone.utc), 'notice_date': '2024-04-22', 'effective_date': '2024-06-14', 'postal_code': 'CA', 'company': 'Tesla, Inc.', 'location': '', 'jobs': '403', 'is_closure': '', 'is_temporary': '', 'is_superseded': 'False', 'is_amendment': 'True', 'likely_ancestor': '29896a64b8762e0edb76e66bdd5b7fc488b1a4d12ff2e5d0a321147d', 'estimated_amendments': 12, 'last_updated_date': datetime.datetime(2024, 7, 11, 23, 32, 4, 245702, tzinfo=datetime.timezone.utc)}"
"{'hash_id': 'b2c842bb0896b4ff462434d8dfe8c5cc3aab23ccda3c7309f51a872f', 'postal_code': 'CA', 'company': 'Tesla, Inc.', 'location': '', 'notice_date': '2024-04-22', 'effective_date': '2024-06-14', 'jobs': '24', 'is_temporary': '', 'is_closure': '', 'is_amendment': 'False'}","{'hash_id': 'f137d9007d3bf3692b517e7f2bf4205248bd1f8be299bd40584b5d04', 'first_inserted_date': datetime.datetime(2024, 4, 30, 19, 32, 5, 282495, tzinfo=datetime.timezone.utc), 'notice_date': '2024-04-22', 'effective_date': '2024-06-14', 'postal_code': 'CA', 'company': 'Tesla, Inc.', 'location': '', 'jobs': '403', 'is_closure': '', 'is_temporary': '', 'is_superseded': 'False', 'is_amendment': 'True', 'likely_ancestor': '29896a64b8762e0edb76e66bdd5b7fc488b1a4d12ff2e5d0a321147d', 'estimated_amendments': 12, 'last_updated_date': datetime.datetime(2024, 7, 11, 23, 32, 4, 245702, tzinfo=datetime.timezone.utc)}"
"{'hash_id': '8d9bf2ec381546abfe65e808f90283a8c26d662eac891af537f15cb9', 'postal_code': 'CA', 'company': 'Tesla, Inc.', 'location': '', 'notice_date': '2024-04-22', 'effective_date': '2024-06-14', 'jobs': '17', 'is_temporary': '', 'is_closure': '', 'is_amendment': 'False'}","{'hash_id': 'f137d9007d3bf3692b517e7f2bf4205248bd1f8be299bd40584b5d04', 'first_inserted_date': datetime.datetime(2024, 4, 30, 19, 32, 5, 282495, tzinfo=datetime.timezone.utc), 'notice_date': '2024-04-22', 'effective_date': '2024-06-14', 'postal_code': 'CA', 'company': 'Tesla, Inc.', 'location': '', 'jobs': '403', 'is_closure': '', 'is_temporary': '', 'is_superseded': 'False', 'is_amendment': 'True', 'likely_ancestor': '29896a64b8762e0edb76e66bdd5b7fc488b1a4d12ff2e5d0a321147d', 'estimated_amendments': 12, 'last_updated_date': datetime.datetime(2024, 7, 11, 23, 32, 4, 245702, tzinfo=datetime.timezone.utc)}"
"{'hash_id': '6736a5aa37d0703b24d11aaa42e0766853944c277ec2d29e67a10dfe', 'postal_code': 'CA', 'company': 'Tesla, Inc.', 'location': '', 'notice_date': '2024-04-22', 'effective_date': '2024-06-14', 'jobs': '32', 'is_temporary': '', 'is_closure': '', 'is_amendment': 'False'}","{'hash_id': 'f137d9007d3bf3692b517e7f2bf4205248bd1f8be299bd40584b5d04', 'first_inserted_date': datetime.datetime(2024, 4, 30, 19, 32, 5, 282495, tzinfo=datetime.timezone.utc), 'notice_date': '2024-04-22', 'effective_date': '2024-06-14', 'postal_code': 'CA', 'company': 'Tesla, Inc.', 'location': '', 'jobs': '403', 'is_closure': '', 'is_temporary': '', 'is_superseded': 'False', 'is_amendment': 'True', 'likely_ancestor': '29896a64b8762e0edb76e66bdd5b7fc488b1a4d12ff2e5d0a321147d', 'estimated_amendments': 12, 'last_updated_date': datetime.datetime(2024, 7, 11, 23, 32, 4, 245702, tzinfo=datetime.timezone.utc)}"
"{'hash_id': '983eceb870cbfb92a3effa343cbd3c779ced0dfe882dc78d5e0f0452', 'postal_code': 'CA', 'company': 'Tesla, Inc.', 'location': '', 'notice_date': '2024-04-22', 'effective_date': '2024-06-14', 'jobs': '284', 'is_temporary': '', 'is_closure': '', 'is_amendment': 'False'}","{'hash_id': 'f137d9007d3bf3692b517e7f2bf4205248bd1f8be299bd40584b5d04', 'first_inserted_date': datetime.datetime(2024, 4, 30, 19, 32, 5, 282495, tzinfo=datetime.timezone.utc), 'notice_date': '2024-04-22', 'effective_date': '2024-06-14', 'postal_code': 'CA', 'company': 'Tesla, Inc.', 'location': '', 'jobs': '403', 'is_closure': '', 'is_temporary': '', 'is_superseded': 'False', 'is_amendment': 'True', 'likely_ancestor': '29896a64b8762e0edb76e66bdd5b7fc488b1a4d12ff2e5d0a321147d', 'estimated_amendments': 12, 'last_updated_date': datetime.datetime(2024, 7, 11, 23, 32, 4, 245702, tzinfo=datetime.timezone.utc)}"
"{'hash_id': '1cb2c5f8e50cde96a843ff73db3a1fc25e3cf57c4841d732b3223a37', 'postal_code': 'CA', 'company': 'Tesla, Inc.', 'location': '', 'notice_date': '2024-04-22', 'effective_date': '2024-06-14', 'jobs': '1', 'is_temporary': '', 'is_closure': '', 'is_amendment': 'False'}","{'hash_id': 'f137d9007d3bf3692b517e7f2bf4205248bd1f8be299bd40584b5d04', 'first_inserted_date': datetime.datetime(2024, 4, 30, 19, 32, 5, 282495, tzinfo=datetime.timezone.utc), 'notice_date': '2024-04-22', 'effective_date': '2024-06-14', 'postal_code': 'CA', 'company': 'Tesla, Inc.', 'location': '', 'jobs': '403', 'is_closure': '', 'is_temporary': '', 'is_superseded': 'False', 'is_amendment': 'True', 'likely_ancestor': '29896a64b8762e0edb76e66bdd5b7fc488b1a4d12ff2e5d0a321147d', 'estimated_amendments': 12, 'last_updated_date': datetime.datetime(2024, 7, 11, 23, 32, 4, 245702, tzinfo=datetime.timezone.utc)}"
"{'hash_id': '3074de70be3b976f8faca20a8750407ed4cfdaacfebed6c08b6112c2', 'postal_code': 'CA', 'company': 'Tesla, Inc.', 'location': '', 'notice_date': '2024-04-22', 'effective_date': '2024-06-14', 'jobs': '3', 'is_temporary': '', 'is_closure': '', 'is_amendment': 'False'}","{'hash_id': 'f137d9007d3bf3692b517e7f2bf4205248bd1f8be299bd40584b5d04', 'first_inserted_date': datetime.datetime(2024, 4, 30, 19, 32, 5, 282495, tzinfo=datetime.timezone.utc), 'notice_date': '2024-04-22', 'effective_date': '2024-06-14', 'postal_code': 'CA', 'company': 'Tesla, Inc.', 'location': '', 'jobs': '403', 'is_closure': '', 'is_temporary': '', 'is_superseded': 'False', 'is_amendment': 'True', 'likely_ancestor': '29896a64b8762e0edb76e66bdd5b7fc488b1a4d12ff2e5d0a321147d', 'estimated_amendments': 12, 'last_updated_date': datetime.datetime(2024, 7, 11, 23, 32, 4, 245702, tzinfo=datetime.timezone.utc)}"
"{'hash_id': 'fa23df1f81a80e3d4adaae8d5e12f68826d4a6d0d83e6dbfcec7a7b4', 'postal_code': 'CA', 'company': 'Tesla, Inc.', 'location': '', 'notice_date': '2024-04-22', 'effective_date': '2024-06-14', 'jobs': '19', 'is_temporary': '', 'is_closure': '', 'is_amendment': 'False'}","{'hash_id': 'f137d9007d3bf3692b517e7f2bf4205248bd1f8be299bd40584b5d04', 'first_inserted_date': datetime.datetime(2024, 4, 30, 19, 32, 5, 282495, tzinfo=datetime.timezone.utc), 'notice_date': '2024-04-22', 'effective_date': '2024-06-14', 'postal_code': 'CA', 'company': 'Tesla, Inc.', 'location': '', 'jobs': '403', 'is_closure': '', 'is_temporary': '', 'is_superseded': 'False', 'is_amendment': 'True', 'likely_ancestor': '29896a64b8762e0edb76e66bdd5b7fc488b1a4d12ff2e5d0a321147d', 'estimated_amendments': 12, 'last_updated_date': datetime.datetime(2024, 7, 11, 23, 32, 4, 245702, tzinfo=datetime.timezone.utc)}"
"{'hash_id': '96dc6e15a4f4e84c14f562b3ca7b67b7e50ebd88891a306e6ce54b82', 'postal_code': 'CA', 'company': 'Tesla, Inc.', 'location': '', 'notice_date': '2024-04-22', 'effective_date': '2024-06-14', 'jobs': '108', 'is_temporary': '', 'is_closure': '', 'is_amendment': 'False'}","{'hash_id': 'f137d9007d3bf3692b517e7f2bf4205248bd1f8be299bd40584b5d04', 'first_inserted_date': datetime.datetime(2024, 4, 30, 19, 32, 5, 282495, tzinfo=datetime.timezone.utc), 'notice_date': '2024-04-22', 'effective_date': '2024-06-14', 'postal_code': 'CA', 'company': 'Tesla, Inc.', 'location': '', 'jobs': '403', 'is_closure': '', 'is_temporary': '', 'is_superseded': 'False', 'is_amendment': 'True', 'likely_ancestor': '29896a64b8762e0edb76e66bdd5b7fc488b1a4d12ff2e5d0a321147d', 'estimated_amendments': 12, 'last_updated_date': datetime.datetime(2024, 7, 11, 23, 32, 4, 245702, tzinfo=datetime.timezone.utc)}"
"{'hash_id': '5aa4150bc77332b0919d93fd7fe12ec403943fdd02d78da4706c25d3', 'postal_code': 'CA', 'company': 'Tesla, Inc.', 'location': '', 'notice_date': '2024-04-22', 'effective_date': '2024-06-14', 'jobs': '214', 'is_temporary': '', 'is_closure': '', 'is_amendment': 'False'}","{'hash_id': 'f137d9007d3bf3692b517e7f2bf4205248bd1f8be299bd40584b5d04', 'first_inserted_date': datetime.datetime(2024, 4, 30, 19, 32, 5, 282495, tzinfo=datetime.timezone.utc), 'notice_date': '2024-04-22', 'effective_date': '2024-06-14', 'postal_code': 'CA', 'company': 'Tesla, Inc.', 'location': '', 'jobs': '403', 'is_closure': '', 'is_temporary': '', 'is_superseded': 'False', 'is_amendment': 'True', 'likely_ancestor': '29896a64b8762e0edb76e66bdd5b7fc488b1a4d12ff2e5d0a321147d', 'estimated_amendments': 12, 'last_updated_date': datetime.datetime(2024, 7, 11, 23, 32, 4, 245702, tzinfo=datetime.timezone.utc)}"
"{'hash_id': '2fa577ea51e2c3eee1d73d08b33cb1991a514c8fb6ad75a68ae3521d', 'postal_code': 'CA', 'company': 'Herbalife International of America, Inc.', 'location': '', 'notice_date': '2024-05-06', 'effective_date': '2024-05-31', 'jobs': '25', 'is_temporary': '', 'is_closure': '', 'is_amendment': 'False'}","{'hash_id': '80eaf4c39396c33712486887234bfee07a36492c8981407dd3c97013', 'first_inserted_date': datetime.datetime(2022, 4, 8, 0, 21, 19, 261025, tzinfo=datetime.timezone.utc), 'notice_date': '2024-05-06', 'effective_date': '2024-05-31', 'postal_code': 'CA', 'company': 'Herbalife International of America, Inc.', 'location': '', 'jobs': '70', 'is_closure': '', 'is_temporary': '', 'is_superseded': 'False', 'is_amendment': 'True', 'likely_ancestor': 'f948568ebebb81d399f121f61103f93293e11f3c13e85a201375d25a', 'estimated_amendments': 24, 'last_updated_date': datetime.datetime(2024, 7, 11, 23, 32, 4, 245702, tzinfo=datetime.timezone.utc)}"
"{'hash_id': 'bb3654596ea34daf978bf9f5f0ec125a12154d5907888b3df6e9b4bd', 'postal_code': 'IA', 'company': 'John Deere Waterloo Works', 'location': 'Waterloo', 'notice_date': '2024-07-11', 'effective_date': '2024-09-20', 'jobs': '191', 'is_temporary': '', 'is_closure': '', 'is_amendment': 'False'}","{'hash_id': '165d95776341bb56a7fac63bd1d92c22c7e317ac42df0f100fe525cc', 'first_inserted_date': datetime.datetime(2024, 3, 26, 23, 32, 58, 835024, tzinfo=datetime.timezone.utc), 'notice_date': '2024-07-11', 'effective_date': '2024-09-20', 'postal_code': 'IA', 'company': 'John Deere Waterloo Works', 'location': 'Waterloo', 'jobs': '89', 'is_closure': '', 'is_temporary': '', 'is_superseded': 'False', 'is_amendment': 'True', 'likely_ancestor': '28b171a80b20c3f6177ac7cd5ac28587f8fe557460469f2ff5c0acc2', 'estimated_amendments': 4, 'last_updated_date': datetime.datetime(2024, 7, 11, 23, 32, 4, 245702, tzinfo=datetime.timezone.utc)}"
